stat,age,method,value,lo,hi
ast_pct,19,A,-6.38279471929712,-6.984495386372394,-5.7036611108246325
ast_pct,20,A,-4.827518390130751,-5.314074219023565,-4.22647153702842
ast_pct,21,A,-3.574870079745552,-3.9537178242727116,-3.075217016820615
ast_pct,22,A,-2.2125166331655386,-2.6145486528328172,-1.8032035169819902
ast_pct,23,A,-1.4598020237709974,-1.7970315786802218,-1.1014633472230595
ast_pct,24,A,-0.8761310325538245,-1.1270883982163546,-0.6030709732157029
ast_pct,25,A,-0.4705299009770574,-0.6992620447611871,-0.21334747408704646
ast_pct,26,A,0.0260504675016362,-0.1603647041099757,0.21779050736693212
ast_pct,27,A,0.0,0.0,0.0
ast_pct,28,A,-0.21839656552966424,-0.43560427172679217,0.013484998957931333
ast_pct,29,A,-0.556530332860917,-0.860710614290265,-0.26352001173279643
ast_pct,30,A,-0.8583017041004526,-1.1986386702145422,-0.5385325596710817
ast_pct,31,A,-1.099397206180364,-1.466575117919542,-0.698220849519965
ast_pct,32,A,-1.4360300430475057,-1.8494755817170352,-0.963371651440546
ast_pct,33,A,-2.058138282827591,-2.5261691948095577,-1.614183615209136
ast_pct,34,A,-2.8826957921405363,-3.4024034013187823,-2.3492126871787757
ast_pct,35,A,-3.111499984974138,-3.705578910091504,-2.4413930202475487
ast_pct,36,A,-3.3784244995208352,-4.037485589264178,-2.6663809447455815
ast_pct,19,B,-6.327116024947902,-6.941365024239183,-5.7491867129004035
ast_pct,20,B,-4.830584596836742,-5.3186907939770505,-4.331611522499519
ast_pct,21,B,-3.6139147096277675,-3.999097574030565,-3.2173829253662616
ast_pct,22,B,-2.2542614200834548,-2.6151868367877924,-1.9160217377751694
ast_pct,23,B,-1.4533749640438858,-1.796487628803236,-1.173246219805116
ast_pct,24,B,-0.8960940453470911,-1.1638193348134478,-0.6329068082363081
ast_pct,25,B,-0.4886974185569537,-0.7314095090073228,-0.21479518656340135
ast_pct,26,B,0.012986167815412841,-0.20568501095766933,0.20197928716153837
ast_pct,27,B,0.0,0.0,0.0
ast_pct,28,B,-0.21206648206967138,-0.43883005463292724,0.009116820299005086
ast_pct,29,B,-0.5420684803747813,-0.8084025501094667,-0.29022116583817925
ast_pct,30,B,-0.7880937022284611,-1.1068283639076375,-0.5157221382108035
ast_pct,31,B,-1.0060007308114134,-1.2874033130391334,-0.6539881111974755
ast_pct,32,B,-1.2769898814013043,-1.6437198634266295,-0.8656390636422275
ast_pct,33,B,-1.8573075847309877,-2.2539352305512885,-1.446481133342254
ast_pct,34,B,-2.6283434585621066,-3.028193478154233,-2.1156007383827755
ast_pct,35,B,-2.831873894391725,-3.4252777781739456,-2.233781983477548
ast_pct,36,B,-3.064158512444659,-3.6780356206996356,-2.3759279081357185
ast_pct,19,C,-5.18353130933251,,
ast_pct,20,C,-3.843886618990215,,
ast_pct,21,C,-2.7336606774197367,,
ast_pct,22,C,-1.8369316683459225,,
ast_pct,23,C,-1.1377777754936087,,
ast_pct,24,C,-0.6202771825876336,,
ast_pct,25,C,-0.2685080733528409,,
ast_pct,26,C,-0.06654863151406865,,
ast_pct,27,C,0.0,,
ast_pct,28,C,-0.0605551585547186,,
ast_pct,29,C,-0.2414300461261476,,
ast_pct,30,C,-0.5358406016622137,,
ast_pct,31,C,-0.93700276411084,,
ast_pct,32,C,-1.438132472419948,,
ast_pct,33,C,-2.0324456655374714,,
ast_pct,34,C,-2.7131582824113263,,
ast_pct,35,C,-3.4734862619894447,,
ast_pct,36,C,-4.306645543219748,,
blk_pct,19,A,0.2586180864132061,0.15300353599028413,0.36190591229447183
blk_pct,20,A,0.19847763127549023,0.12260423923546261,0.27680061352886254
blk_pct,21,A,0.20513394739956148,0.14912828832863287,0.266434324949482
blk_pct,22,A,0.1638908052846641,0.10541722318527705,0.22450620704991223
blk_pct,23,A,0.17196291512376993,0.12413988811090519,0.22372566756318532
blk_pct,24,A,0.11663250906077494,0.08479239761513291,0.15940760008734256
blk_pct,25,A,0.09075367039056692,0.057938936195112145,0.1336487912345759
blk_pct,26,A,0.06514038464321248,0.029936551667398417,0.09431259152571154
blk_pct,27,A,0.0,0.0,0.0
blk_pct,28,A,-0.04304546908151308,-0.07289631721862011,-0.014222265010794566
blk_pct,29,A,-0.09161531239316167,-0.12824504094738284,-0.05521984183414247
blk_pct,30,A,-0.0599038216141069,-0.10206276168240117,-0.013411579636254365
blk_pct,31,A,-0.12643859219607756,-0.17942501824310195,-0.07953877561231237
blk_pct,32,A,-0.19446333050855724,-0.2496477974792536,-0.14326168771506295
blk_pct,33,A,-0.15708842310667792,-0.2310052244873943,-0.10067060947320758
blk_pct,34,A,-0.17854974122397327,-0.2572104699417407,-0.11373548323504883
blk_pct,35,A,-0.17876634778244394,-0.2581131010658295,-0.10269811256288428
blk_pct,36,A,-0.22977590898342848,-0.34488862719811963,-0.12329951370774035
blk_pct,19,B,0.23284729932415205,0.14372596994973214,0.3394872711848051
blk_pct,20,B,0.17633965369392324,0.11263865807731147,0.25436351666965434
blk_pct,21,B,0.189564162218386,0.12725182967331186,0.24960833632943982
blk_pct,22,B,0.15250512251011344,0.10557921077048614,0.2085601041218104
blk_pct,23,B,0.16111169011250426,0.11971917306437291,0.20708989006730774
blk_pct,24,B,0.10986059893756228,0.07317388390596832,0.15290048194662312
blk_pct,25,B,0.08690268974384835,0.04583452114854148,0.12362452199623575
blk_pct,26,B,0.06570114252150555,0.03461165887651217,0.09234575824063307
blk_pct,27,B,0.0,0.0,0.0
blk_pct,28,B,-0.041503594370875974,-0.07267767041928816,-0.014358519145297677
blk_pct,29,B,-0.08776920829688034,-0.125110566496204,-0.05801375883461075
blk_pct,30,B,-0.05341583400183231,-0.09287386449749895,-0.011949340759532492
blk_pct,31,B,-0.11328566040699967,-0.16094199985973265,-0.07300329767070297
blk_pct,32,B,-0.1753227911523107,-0.22481815550317327,-0.12659687418962792
blk_pct,33,B,-0.13105249360064058,-0.19764524162181116,-0.08404018493410485
blk_pct,34,B,-0.13965810280004082,-0.20998948441637258,-0.08829612828169525
blk_pct,35,B,-0.16546045215732036,-0.24687849142200105,-0.07661210219372387
blk_pct,36,B,-0.18803944465892736,-0.29162663306336833,-0.10779373590220566
blk_pct,19,C,0.09714007470362218,,
blk_pct,20,C,0.13943109342271787,,
blk_pct,21,C,0.15757921694289045,,
blk_pct,22,C,0.15588990025781002,,
blk_pct,23,C,0.13866859836114798,,
blk_pct,24,C,0.11022076624657395,,
blk_pct,25,C,0.0748518589077598,,
blk_pct,26,C,0.036867331338375386,,
blk_pct,27,C,0.0,,
blk_pct,28,C,-0.03430787277415459,,
blk_pct,29,C,-0.06518666318296806,,
blk_pct,30,C,-0.09176674742532098,,
blk_pct,31,C,-0.11317850170009236,,
blk_pct,32,C,-0.12855230220616232,,
blk_pct,33,C,-0.1370185251424112,,
blk_pct,34,C,-0.13770754670771845,,
blk_pct,35,C,-0.1297497431009642,,
blk_pct,36,C,-0.11227549052102836,,
bpm,19,A,-4.050295248814665,-4.33840993957409,-3.7741875604982122
bpm,20,A,-2.7580351872006723,-2.9388315206865525,-2.582705923556707
bpm,21,A,-1.6983475704738114,-1.8836723845804242,-1.541429789803441
bpm,22,A,-0.851628018211465,-1.0054637967625242,-0.7188618828924584
bpm,23,A,-0.31222631836199266,-0.4464778077581396,-0.21301617636452327
bpm,24,A,-0.062184402459469545,-0.18484755057445418,0.04258372832601534
bpm,25,A,0.13487439703739668,0.03672487275173425,0.2269960006389457
bpm,26,A,0.09516012009098418,0.01758710436591935,0.17087976487572315
bpm,27,A,0.0,0.0,0.0
bpm,28,A,-0.10383848279326635,-0.19859521645164283,-0.019632468130716865
bpm,29,A,-0.47945857812595616,-0.6056666554690385,-0.37508511629504415
bpm,30,A,-0.7197542355374242,-0.8272420781225234,-0.6010457474623887
bpm,31,A,-1.2501921033091445,-1.4167079507144067,-1.1160424251678718
bpm,32,A,-1.5632157475445299,-1.739969802008951,-1.407355348926706
bpm,33,A,-2.0774180913969165,-2.297874636992512,-1.8790220881160375
bpm,34,A,-2.761996246926957,-2.9643171679869407,-2.5942650171555366
bpm,35,A,-3.2804971883825007,-3.550687452574138,-3.088378287770638
bpm,36,A,-3.733699130233587,-3.991187448066621,-3.5152521920720403
bpm,19,B,-4.48595339655,-4.78683762215781,-4.1903712742967505
bpm,20,B,-3.1475199072003157,-3.3348154914354504,-2.958999914307789
bpm,21,B,-2.0415580592992413,-2.2239017244183685,-1.8709096119909805
bpm,22,B,-1.1213800507556009,-1.2677256902289264,-0.9927186909058447
bpm,23,B,-0.5412976076692022,-0.669933468669768,-0.4140933392307328
bpm,24,B,-0.23524376065060348,-0.34433055117600603,-0.12526889719838918
bpm,25,B,0.015538473681488085,-0.08179596168678839,0.10371753675938161
bpm,26,B,0.046759697090864805,-0.045040158967790137,0.12211927811556453
bpm,27,B,0.0,0.0,0.0
bpm,28,B,-0.04190916995135652,-0.13019508489502937,0.04708789468827487
bpm,29,B,-0.35207012565838447,-0.4438340994231537,-0.24165658240560434
bpm,30,B,-0.4561894361686507,-0.5951644666622143,-0.3215080679263549
bpm,31,B,-0.8823216205861186,-1.0418619548524082,-0.7516916628252729
bpm,32,B,-1.0057999204239794,-1.1874735465464097,-0.8200099274634662
bpm,33,B,-1.3836437413124587,-1.6008429980430252,-1.1729580169536562
bpm,34,B,-1.8938496074141424,-2.080032705096342,-1.7191668411217174
bpm,35,B,-2.2847704113798795,-2.5075866356477734,-2.0573396600556206
bpm,36,B,-2.6058812612722964,-2.847884154987805,-2.348584788828464
bpm,19,C,-3.4265775902828546,,
bpm,20,C,-2.343085806821077,,
bpm,21,C,-1.498365006355052,,
bpm,22,C,-0.8665632505100296,,
bpm,23,C,-0.42182860091125995,,
bpm,24,C,-0.1383091191839938,,
bpm,25,C,0.009847133046520073,,
bpm,26,C,0.048492094155030474,,
bpm,27,C,0.0,,
bpm,28,C,-0.12716572362526868,,
bpm,29,C,-0.32801935344376054,,
bpm,30,C,-0.5975751661784601,,
bpm,31,C,-0.9308474385523524,,
bpm,32,C,-1.3228504472884224,,
bpm,33,C,-1.7685984691096548,,
bpm,34,C,-2.2631057807390365,,
bpm,35,C,-2.801386658899548,,
bpm,36,C,-3.378455380314179,,
drb_pct,19,A,-1.7625451403213472,-2.125304468468099,-1.3357717926953223
drb_pct,20,A,-0.9144035308453815,-1.169780250630773,-0.6500880614310337
drb_pct,21,A,-0.6274611183816301,-0.8494419629874517,-0.36682492203658124
drb_pct,22,A,-0.23784808973334037,-0.4122729373771482,-0.039070224932332066
drb_pct,23,A,-0.15787116634604237,-0.32976344863350626,0.01806606746156333
drb_pct,24,A,-0.017383338221684586,-0.2028357083260556,0.1612656868788397
drb_pct,25,A,0.04767351074359816,-0.09100046503416753,0.19841599495781723
drb_pct,26,A,0.06316937496264119,-0.0553193814431989,0.18033282904593392
drb_pct,27,A,0.0,0.0,0.0
drb_pct,28,A,0.11604608963694885,-0.0005328687788073157,0.2453726077182218
drb_pct,29,A,-0.00321209027458913,-0.16507895789823443,0.14601595912091317
drb_pct,30,A,-0.1525325612737043,-0.32795988801464526,0.010692856550428882
drb_pct,31,A,-0.37643489612385217,-0.5701372588346393,-0.1655796996123804
drb_pct,32,A,-0.36175778547152593,-0.5861555282848748,-0.12274839772514305
drb_pct,33,A,-0.37835270527244624,-0.6441755866250745,-0.15248468212606878
drb_pct,34,A,-0.7043673112972968,-0.9995436154014681,-0.45331352403955577
drb_pct,35,A,-1.119556286013101,-1.4449171245931138,-0.7937505149651595
drb_pct,36,A,-1.4555842275500455,-1.8620059079937021,-1.1116820990628429
drb_pct,19,B,-1.8881300731162889,-2.2646613998330523,-1.5132137724588075
drb_pct,20,B,-1.0635434779877873,-1.3189049916860294,-0.7593879809906925
drb_pct,21,B,-0.7475643288051321,-0.9588605150944156,-0.5436843842417861
drb_pct,22,B,-0.3386337502061014,-0.5151387563993932,-0.1560860558257234
drb_pct,23,B,-0.2364536702016955,-0.39838828804740983,-0.0909099238540565
drb_pct,24,B,-0.06743189588231324,-0.23114370027421527,0.08344833435870055
drb_pct,25,B,-0.0010669233563040947,-0.16092941576490563,0.1563592707763367
drb_pct,26,B,0.02772890567531361,-0.11323561562812605,0.14752455434619183
drb_pct,27,B,0.0,0.0,0.0
drb_pct,28,B,0.12636616413352453,0.013480436428950783,0.23938150644523087
drb_pct,29,B,0.027710855803382728,-0.10799667021889711,0.16161912867406622
drb_pct,30,B,-0.07368709131598505,-0.22397995978314614,0.09320441506851816
drb_pct,31,B,-0.31504580635915413,-0.5008591595302575,-0.12752244808272958
drb_pct,32,B,-0.27109668948625343,-0.4605592712531007,-0.0802913028184623
drb_pct,33,B,-0.2764285774991877,-0.5239837627969721,-0.022232232381752686
drb_pct,34,B,-0.5641618721531718,-0.831679445233704,-0.26842178448720083
drb_pct,35,B,-0.9615148056356069,-1.3245129812058118,-0.6227312944809803
drb_pct,36,B,-1.1885114916505737,-1.5934678271463576,-0.8134892564589516
drb_pct,19,C,-1.618069601738787,,
drb_pct,20,C,-1.1098480466605185,,
drb_pct,21,C,-0.7206751975132466,,
drb_pct,22,C,-0.434689025304543,,
drb_pct,23,C,-0.23602750104199188,,
drb_pct,24,C,-0.1088285957331756,,
drb_pct,25,C,-0.03723028038566767,,
drb_pct,26,C,-0.005370526007054011,,
drb_pct,27,C,-1.7763568394002505e-15,,
drb_pct,28,C,-0.01832015534755982,,
drb_pct,29,C,-0.06014514142785998,,
drb_pct,30,C,-0.12528910761903944,,
drb_pct,31,C,-0.21356620329923892,,
drb_pct,32,C,-0.3247905778465956,,
drb_pct,33,C,-0.4587763806392413,,
drb_pct,34,C,-0.6153377610553132,,
drb_pct,35,C,-0.7942888684729503,,
drb_pct,36,C,-0.9954438522702898,,
fg3_pct,19,A,-0.024844756516285874,-0.03125474258186709,-0.01845541064747116
fg3_pct,20,A,-0.00991680313312978,-0.014820153704478355,-0.004502947243094767
fg3_pct,21,A,-0.004482535013684001,-0.008412388040095486,-0.0004813540251113563
fg3_pct,22,A,0.00259963981183298,-0.0009806904595987204,0.006060386589379724
fg3_pct,23,A,0.0029773120144407084,-9.44381426058966e-05,0.006992124883693202
fg3_pct,24,A,0.002630398052775502,-0.0007183741413926504,0.005908497619248018
fg3_pct,25,A,0.003105374819607848,0.00017876105216012742,0.0060084324887173845
fg3_pct,26,A,0.0012353232849901044,-0.0011772418131861197,0.0039044464712089445
fg3_pct,27,A,0.0,0.0,0.0
fg3_pct,28,A,0.0002163511408070605,-0.0018772070723703342,0.002601837004996908
fg3_pct,29,A,-0.0034761984666720237,-0.00673098144955987,-0.0004806596227776711
fg3_pct,30,A,-0.006219988659288508,-0.00992809947448924,-0.003102973171185512
fg3_pct,31,A,-0.01263754231029112,-0.01615652960780563,-0.00939042663124631
fg3_pct,32,A,-0.015299303567450805,-0.019581729842008608,-0.011128667114633064
fg3_pct,33,A,-0.021794292727583243,-0.026147177495447455,-0.017020849258769913
fg3_pct,34,A,-0.025504762185133915,-0.030850810040987043,-0.021187515251566272
fg3_pct,35,A,-0.034023950443216947,-0.04100776471912539,-0.029003064524310913
fg3_pct,36,A,-0.02988210723952184,-0.03881206979840819,-0.022233098859788202
fg3_pct,19,B,-0.03504074999611116,-0.042200277190660385,-0.027704125975705624
fg3_pct,20,B,-0.019481871433690533,-0.024946735761279815,-0.01360601489965577
fg3_pct,21,B,-0.012754337461758945,-0.01748758799999654,-0.00713503794182857
fg3_pct,22,B,-0.003442252353487524,-0.00726498411508286,0.0009475112334893994
fg3_pct,23,B,-0.0017683625645279477,-0.004757383329785993,0.0026420073025990804
fg3_pct,24,B,-0.0003586549492202648,-0.003124588641337936,0.003162485480579342
fg3_pct,25,B,0.0013095990822487857,-0.0015252969649019947,0.0047702223152894735
fg3_pct,26,B,0.0007481220428016203,-0.0017161066055783865,0.0034789613353383084
fg3_pct,27,B,0.0,0.0,0.0
fg3_pct,28,B,0.0011732368633927057,-0.001513550516803386,0.0038100199613246965
fg3_pct,29,B,-0.0015956865632862777,-0.004367809116372226,0.0016061216284498324
fg3_pct,30,B,-0.0029558320007835454,-0.0062214117465494,0.0006087960325223155
fg3_pct,31,B,-0.007707902427402387,-0.011203425289973859,-0.0035713655060771394
fg3_pct,32,B,-0.008365796955688273,-0.012395825292045094,-0.003627652431872036
fg3_pct,33,B,-0.012852833806605964,-0.017790884606700707,-0.008199171926214135
fg3_pct,34,B,-0.016202845204906495,-0.021697581716314997,-0.010752261243250684
fg3_pct,35,B,-0.022055881524097855,-0.029012307565395006,-0.015149211203167963
fg3_pct,36,B,-0.01422404353665084,-0.024275662998862895,-0.005655488718592778
fg3_pct,19,C,-0.02621188245025763,,
fg3_pct,20,C,-0.021455579801744673,,
fg3_pct,21,C,-0.016863466888560275,,
fg3_pct,22,C,-0.012565523838755144,,
fg3_pct,23,C,-0.008691730780379658,,
fg3_pct,24,C,-0.005372067841484474,,
fg3_pct,25,C,-0.0027365151501199114,,
fg3_pct,26,C,-0.0009150528343366271,,
fg3_pct,27,C,-5.551115123125783e-17,,
fg3_pct,28,C,6.69683357651385e-05,,
fg3_pct,29,C,-0.0006181618219808782,,
fg3_pct,30,C,-0.001959404468177939,,
fg3_pct,31,C,-0.0038607735977656543,,
fg3_pct,32,C,-0.006226283205683969,,
fg3_pct,33,C,-0.008959947286872383,,
fg3_pct,34,C,-0.011965779836270618,,
fg3_pct,35,C,-0.01514779484881873,,
fg3_pct,36,C,-0.018410006319456163,,
fg3a_rate,19,A,-0.08125348951159019,-0.0929704656120563,-0.06682459421754064
fg3a_rate,20,A,-0.0782864420061599,-0.08756013913354861,-0.06868771268330946
fg3a_rate,21,A,-0.06388331726805294,-0.07109840429857187,-0.05700697173264247
fg3a_rate,22,A,-0.05716394207836774,-0.06363914011732957,-0.05002659504018872
fg3a_rate,23,A,-0.05279078432750116,-0.05869295434718267,-0.046927348547146384
fg3a_rate,24,A,-0.04044227343447891,-0.04561990213682852,-0.0353537397302033
fg3a_rate,25,A,-0.02362016835347054,-0.027842918947999992,-0.019878039812494617
fg3a_rate,26,A,-0.010792745472325477,-0.013990199007221184,-0.007785568165156189
fg3a_rate,27,A,0.0,0.0,0.0
fg3a_rate,28,A,0.0219793095049806,0.01804787837251335,0.026025267866769848
fg3a_rate,29,A,0.038779377010184996,0.032895711954964886,0.044335014996119804
fg3a_rate,30,A,0.05185805077308711,0.044494256890503306,0.057701643815740014
fg3a_rate,31,A,0.0630718893154601,0.05450818948044643,0.06965004238565968
fg3a_rate,32,A,0.07562286052881831,0.06679905765044145,0.08279325987148105
fg3a_rate,33,A,0.09205095225042989,0.08145590396929783,0.10081015696158975
fg3a_rate,34,A,0.10985341025982312,0.09906243199900708,0.1188795772229078
fg3a_rate,35,A,0.13365327260527182,0.12056928053837268,0.1439490617631939
fg3a_rate,36,A,0.15189300000003428,0.1388459678481322,0.16649714416243946
fg3a_rate,19,B,-0.08249487749938893,-0.09466025218406231,-0.0712309620543744
fg3a_rate,20,B,-0.07847064271031351,-0.08755485198817387,-0.06945403402584725
fg3a_rate,21,B,-0.06441552955165411,-0.07212959188850354,-0.05675250335051439
fg3a_rate,22,B,-0.057604595762598576,-0.06405312247041756,-0.05144482878133137
fg3a_rate,23,B,-0.053082741666686514,-0.059178607734377116,-0.0475583434131332
fg3a_rate,24,B,-0.04083503500528441,-0.04600015431312369,-0.035164706608789634
fg3a_rate,25,B,-0.024263763480067077,-0.028469012296837338,-0.01931803006306797
fg3a_rate,26,B,-0.011116355157424637,-0.014458875804224046,-0.00778497554741862
fg3a_rate,27,B,0.0,0.0,0.0
fg3a_rate,28,B,0.022144278049295807,0.018344107169341043,0.0260098567085834
fg3a_rate,29,B,0.03945821639040886,0.033963652912356014,0.0443750288426343
fg3a_rate,30,B,0.05253346849662882,0.04617957284230974,0.05926768789236684
fg3a_rate,31,B,0.06303802607446746,0.05702633381445181,0.07078528242700063
fg3a_rate,32,B,0.0771417528557991,0.07025808973898699,0.08466156389354401
fg3a_rate,33,B,0.09543580256023354,0.08694743620148868,0.10511252280638646
fg3a_rate,34,B,0.11157727594374217,0.10168709193813845,0.12196494199040994
fg3a_rate,35,B,0.12994458593622363,0.11755178877020588,0.14166534227329916
fg3a_rate,36,B,0.14680383639208905,0.1324312156880323,0.16156884010462647
fg3a_rate,19,C,-0.0595959615142973,,
fg3a_rate,20,C,-0.0605401101542207,,
fg3a_rate,21,C,-0.05788292415989291,,
fg3a_rate,22,C,-0.05222848684662634,,
fg3a_rate,23,C,-0.04418088152973321,,
fg3a_rate,24,C,-0.034344191524525614,,
fg3a_rate,25,C,-0.023322500146315928,,
fg3a_rate,26,C,-0.011719890710416403,,
fg3a_rate,27,C,0.0,,
fg3a_rate,28,C,0.011935321330317106,,
fg3a_rate,29,C,0.02432466915805792,,
fg3a_rate,30,C,0.03740663936074551,,
fg3a_rate,31,C,0.05141982781590293,,
fg3a_rate,32,C,0.0666028304010533,,
fg3a_rate,33,C,0.08319424299371969,,
fg3a_rate,34,C,0.10143266147142499,,
fg3a_rate,35,C,0.12155668171169237,,
fg3a_rate,36,C,0.1438048995920449,,
ft_pct,19,A,-0.059499856923501404,-0.06976874336386192,-0.05000980936613952
ft_pct,20,A,-0.038788986392231745,-0.04559213823268389,-0.033258481316347586
ft_pct,21,A,-0.028704526387642634,-0.03523798178914065,-0.02376930889409839
ft_pct,22,A,-0.02024893530147473,-0.02559700123335509,-0.016122971499089797
ft_pct,23,A,-0.012678555655152801,-0.01736712624202158,-0.008321970689417917
ft_pct,24,A,-0.007269925220070805,-0.010668383240223933,-0.003748738222447204
ft_pct,25,A,-0.0020365639273348113,-0.005723080305737915,0.0019051098373123342
ft_pct,26,A,0.0002040133678099798,-0.0029939523989223242,0.003412388362403346
ft_pct,27,A,0.0,0.0,0.0
ft_pct,28,A,0.0008542714898647219,-0.0021943922636110725,0.0040641864258716826
ft_pct,29,A,-0.0016441606780746854,-0.0050561839899978785,0.002650251116041356
ft_pct,30,A,0.000988374977987233,-0.0031408541472900064,0.006168162432342311
ft_pct,31,A,-0.00678889142324135,-0.012019369857960644,-0.0008319617817384129
ft_pct,32,A,-0.008111972535372741,-0.013964446181373614,-0.001390727789121816
ft_pct,33,A,-0.01477808435162381,-0.019960921764564377,-0.0077138644910479705
ft_pct,34,A,-0.013936870459987566,-0.020955314749894895,-0.00516593198652578
ft_pct,35,A,-0.019737676968362372,-0.02676573435984308,-0.010797786570819038
ft_pct,36,A,-0.023318032936115146,-0.03421297678624701,-0.011341780572241665
ft_pct,19,B,-0.06285983606668709,-0.07264040866338925,-0.05319255670657662
ft_pct,20,B,-0.04147912578156698,-0.047578761683992186,-0.035599413689764645
ft_pct,21,B,-0.03111114901716766,-0.03637738081267905,-0.02526665709318658
ft_pct,22,B,-0.021626877664977368,-0.02675650925056539,-0.015922553251269927
ft_pct,23,B,-0.013387599609693684,-0.01799965699662593,-0.008410829820226638
ft_pct,24,B,-0.00766155129867116,-0.011388226647251393,-0.0036222132481150237
ft_pct,25,B,-0.002179700129690182,-0.005616384663924184,0.0013193320445814697
ft_pct,26,B,-6.760027987387507e-05,-0.0033832921261983213,0.003426875368542731
ft_pct,27,B,0.0,0.0,0.0
ft_pct,28,B,0.0014736912723904427,-0.001600725728677936,0.005016732824237527
ft_pct,29,B,-0.0007433455548077339,-0.004812624239710382,0.003622747770952822
ft_pct,30,B,0.002223245139855362,-0.0030048537090774942,0.007287194325119051
ft_pct,31,B,-0.0037387666446470624,-0.008984285010822766,0.0011249583897601117
ft_pct,32,B,-0.0045390262793703895,-0.00995860540311969,0.0013313214897568055
ft_pct,33,B,-0.011368901998399156,-0.017170447482219804,-0.004125150453599521
ft_pct,34,B,-0.007751760110294104,-0.015447091325913872,4.901402795699198e-05
ft_pct,35,B,-0.010642964862899451,-0.0182219072246187,-0.001805278621888668
ft_pct,36,B,-0.012505246829130262,-0.024115693090093673,-0.002271675129061191
ft_pct,19,C,-0.04382859830407615,,
ft_pct,20,C,-0.03291105123444116,,
ft_pct,21,C,-0.023794109150174547,,
ft_pct,22,C,-0.01635434562872884,,
ft_pct,23,C,-0.010468334247556,,
ft_pct,24,C,-0.006012648584108438,,
ft_pct,25,C,-0.00286386221583812,,
ft_pct,26,C,-0.0008985487201975673,,
ft_pct,27,C,0.0,,
ft_pct,28,C,-7.838125950354602e-05,,
ft_pct,29,C,-0.001050576028328143,,
ft_pct,30,C,-0.00283346783609284,,
ft_pct,31,C,-0.005343940212417242,,
ft_pct,32,C,-0.008498876686920842,,
ft_pct,33,C,-0.012215160789223245,,
ft_pct,34,C,-0.016409676048943722,,
ft_pct,35,C,-0.02099930599570199,,
ft_pct,36,C,-0.025900934159117206,,
mp,19,A,-642.8043289799218,-741.3212705381952,-542.8771518277283
mp,20,A,-427.859447090158,-498.5715905439,-353.51021796351296
mp,21,A,-257.34352352327915,-306.9064971108886,-191.38719460032522
mp,22,A,-125.84985263720318,-172.5647425796831,-76.08925025081648
mp,23,A,-20.87991592834237,-64.79028473872398,26.99640710905289
mp,24,A,37.85903989495091,-1.1472102415335987,73.59027459922568
mp,25,A,45.718014253925276,10.33038487969762,87.39389029347055
mp,26,A,39.68306801736617,9.299389935218096,76.25794667704747
mp,27,A,0.0,0.0,0.0
mp,28,A,-71.02918586789565,-105.95984149641022,-38.71900124163863
mp,29,A,-223.92198024399408,-261.5927758272446,-189.11327545525694
mp,30,A,-354.1504958689941,-394.1117759560518,-311.61454011188493
mp,31,A,-546.5089029486401,-595.0565048928922,-503.33115524240714
mp,32,A,-726.3027748149353,-774.3779757280521,-677.6519041076812
mp,33,A,-972.2780398326032,-1035.5015854162161,-915.8087753684439
mp,34,A,-1232.807451597309,-1317.8582323667404,-1164.2091879232973
mp,35,A,-1431.1326049715422,-1517.8163572743308,-1341.6207565251298
mp,36,A,-1766.4768672666241,-1843.5199536065727,-1672.6546708694482
mp,19,B,-1021.570164713414,-1097.9049186201084,-914.6596257299257
mp,20,B,-777.0159913858035,-844.3052387286167,-708.6009932031759
mp,21,B,-563.6633259136759,-628.6330183967154,-504.4430470175878
mp,22,B,-383.9020622104151,-439.98078924881105,-329.27931356131296
mp,23,B,-233.59901792124265,-278.5771389116554,-186.3219281958731
mp,24,B,-121.26212376436547,-164.0503085548646,-74.31409244215932
mp,25,B,-63.272343096656414,-94.51425016079592,-29.22350440817953
mp,26,B,-7.752541230730458,-37.057578566187246,23.560992869993935
mp,27,B,0.0,0.0,0.0
mp,28,B,-14.410214987544805,-45.03590683528896,16.8765735145637
mp,29,B,-116.32655994256038,-164.2223111892515,-75.33193761738058
mp,30,B,-177.647127873023,-219.3259175401255,-135.02149511478223
mp,31,B,-272.5611508488514,-324.88689022450535,-215.30148015429648
mp,32,B,-381.14460541273934,-444.4635727900414,-311.3328846457934
mp,33,B,-537.7427498030679,-614.7761645693133,-467.9817193337938
mp,34,B,-679.9963948837544,-755.847195176548,-594.8316175906906
mp,35,B,-777.3340185366087,-873.3425316259322,-683.9918849691319
mp,36,B,-979.1030361193193,-1081.5079154568473,-872.7222332573091
mp,19,C,-243.7781036780559,,
mp,20,C,-188.51879542637016,,
mp,21,C,-130.1358215895325,,
mp,22,C,-73.75280774169528,,
mp,23,C,-24.493379457009496,,
mp,24,C,12.518837690373175,,
mp,25,C,32.16021812630083,,
mp,26,C,29.307136276622487,,
mp,27,C,0.0,,
mp,28,C,-55.06464911364833,,
mp,29,C,-134.0262360415902,,
mp,30,C,-235.0241857610929,,
mp,31,C,-356.19792324942523,,
mp,32,C,-495.68687348385447,,
mp,33,C,-651.6304614416483,,
mp,34,C,-822.1681121000747,,
mp,35,C,-1005.4392504364016,,
mp,36,C,-1199.5833014278965,,
rim_fg_pct,19,A,-0.054221974611156576,-0.06184617336067211,-0.04611290641236083
rim_fg_pct,20,A,-0.043868516772567534,-0.048862276114872774,-0.03826215829369456
rim_fg_pct,21,A,-0.028252316651572462,-0.03222503015909192,-0.02397118777069036
rim_fg_pct,22,A,-0.014259917552856938,-0.018088621603932084,-0.01054041691408945
rim_fg_pct,23,A,-0.006185199866054175,-0.009949486720711576,-0.0018365349922127812
rim_fg_pct,24,A,-0.005111732818772918,-0.00823456581541841,-0.0015056115278246796
rim_fg_pct,25,A,-0.0021076199758794933,-0.005277617506272095,0.0012573077833557818
rim_fg_pct,26,A,-0.0014052585672071072,-0.004091786252399103,0.001521961443425654
rim_fg_pct,27,A,0.0,0.0,0.0
rim_fg_pct,28,A,-0.001904299661134673,-0.005438475374456405,0.0011330438048291333
rim_fg_pct,29,A,-0.004681901249087295,-0.00830191930716809,-0.001088840305811737
rim_fg_pct,30,A,-0.00591612428456792,-0.01086490256000957,-0.0018996790060432616
rim_fg_pct,31,A,-0.009347916395347378,-0.014302720646871363,-0.005259110870148504
rim_fg_pct,32,A,-0.007377749570243869,-0.013365754127981288,-0.002544698614321861
rim_fg_pct,33,A,-0.014120678501932243,-0.020706991287395195,-0.008016225402252369
rim_fg_pct,34,A,-0.0179331075148548,-0.02533333069825791,-0.011473648466232148
rim_fg_pct,35,A,-0.025462939557881398,-0.03431509890700496,-0.017179899003788888
rim_fg_pct,36,A,-0.023697987134128462,-0.03455788815149698,-0.014785461154643856
rim_fg_pct,19,B,-0.0599419836850453,-0.06858786150148337,-0.052277061279920545
rim_fg_pct,20,B,-0.04926568595147118,-0.05433075543799596,-0.04340977691082992
rim_fg_pct,21,B,-0.03314423041640793,-0.03732748682384885,-0.02949884166657153
rim_fg_pct,22,B,-0.018303552352851,-0.02273221030758313,-0.014335767116742199
rim_fg_pct,23,B,-0.009697576451773882,-0.013518216474542554,-0.005732511735731383
rim_fg_pct,24,B,-0.00812602422703701,-0.01174713948835084,-0.004817129633200403
rim_fg_pct,25,B,-0.004198877717769722,-0.0074399441411048565,-0.0011049813845358221
rim_fg_pct,26,B,-0.0021887954624955075,-0.004978502564439093,0.00044429169737267245
rim_fg_pct,27,B,0.0,0.0,0.0
rim_fg_pct,28,B,-0.001075677913945583,-0.003997598500106743,0.0021321166852690185
rim_fg_pct,29,B,-0.002774105867864307,-0.006236254122891714,0.0009197170453611062
rim_fg_pct,30,B,-0.003927078661130984,-0.008524861442098451,0.0002449000877468549
rim_fg_pct,31,B,-0.004460369292493244,-0.008825945761048799,-5.666851427753028e-06
rim_fg_pct,32,B,-0.0019084387561965899,-0.007300866702052011,0.0043272461200020325
rim_fg_pct,33,B,-0.00913496993218299,-0.014995988799045982,-0.00312451052109485
rim_fg_pct,34,B,-0.011276026906194059,-0.018164217955497736,-0.003568997643250655
rim_fg_pct,35,B,-0.0131300020115451,-0.02327416386171952,-0.0039747719935016804
rim_fg_pct,36,B,-0.010777872423595264,-0.020289591590405255,-0.0029307736714423286
rim_fg_pct,19,C,-0.039895294801093883,,
rim_fg_pct,20,C,-0.02592803326637394,,
rim_fg_pct,21,C,-0.01568272059267306,,
rim_fg_pct,22,C,-0.008579442740208498,,
rim_fg_pct,23,C,-0.004038285669196839,,
rim_fg_pct,24,C,-0.0014793353398553366,,
rim_fg_pct,25,C,-0.0003226777124010205,,
rim_fg_pct,26,C,1.1601252949300367e-05,,
rim_fg_pct,27,C,1.1102230246251565e-16,,
rim_fg_pct,28,C,-0.00029464541135815203,,
rim_fg_pct,29,C,-0.0009129145172129816,,
rim_fg_pct,30,C,-0.0018953868536520924,,
rim_fg_pct,31,C,-0.0032826419567634213,,
rim_fg_pct,32,C,-0.005115259362634461,,
rim_fg_pct,33,C,-0.007433818607353371,,
rim_fg_pct,34,C,-0.01027889922700731,,
rim_fg_pct,35,C,-0.01369108075768466,,
rim_fg_pct,36,C,-0.017710942735473023,,
rim_share,19,A,0.08508207246187703,0.07296605874544716,0.0940969586570594
rim_share,20,A,0.07397868461765375,0.06672599363204955,0.08254473007260187
rim_share,21,A,0.060596255712113564,0.054212314366700216,0.06699577412148909
rim_share,22,A,0.0493598383402822,0.043977342860999684,0.055046898912236734
rim_share,23,A,0.04055107636339052,0.0352067646272528,0.04581862911061452
rim_share,24,A,0.02854350034930811,0.023542620672467266,0.03403493978583903
rim_share,25,A,0.017344925941332176,0.013039241158371602,0.021523826908763186
rim_share,26,A,0.005144127776052297,0.0013227656612220667,0.008585945723536997
rim_share,27,A,0.0,0.0,0.0
rim_share,28,A,-0.006160197697572839,-0.008935526493292972,-0.0026191805138844923
rim_share,29,A,-0.01229137026408375,-0.01637380401712333,-0.00829469737413284
rim_share,30,A,-0.019981724156333466,-0.025213675995422614,-0.015605251857289965
rim_share,31,A,-0.03387335894988597,-0.03984996101447994,-0.028454206808615212
rim_share,32,A,-0.038922816609676655,-0.04549348585369923,-0.03297336350504481
rim_share,33,A,-0.0461690543332032,-0.05358654814954505,-0.03978789450802507
rim_share,34,A,-0.05609769517341137,-0.06440953826282139,-0.04921118795251122
rim_share,35,A,-0.05975655756051411,-0.0687235286390497,-0.05003784823349115
rim_share,36,A,-0.06917560647658028,-0.08019679123925667,-0.05862554902215613
rim_share,19,B,0.08270240964745934,0.07140156249215518,0.09231467840860791
rim_share,20,B,0.07072841625229757,0.06179607096123226,0.07816286474879401
rim_share,21,B,0.05841055872107332,0.05079971482317409,0.06462934467610636
rim_share,22,B,0.04760925849508548,0.04061672427474318,0.053568665836798465
rim_share,23,B,0.03930668159237523,0.03317774322127718,0.04469989325357068
rim_share,24,B,0.027490495014284674,0.02184223704360622,0.03174156486455666
rim_share,25,B,0.016543584225396882,0.012750293559562184,0.020273643600344657
rim_share,26,B,0.005112431255623107,0.0015812602791601062,0.00860661784749054
rim_share,27,B,0.0,0.0,0.0
rim_share,28,B,-0.005925311300994621,-0.009272596861101686,-0.0028210390024504426
rim_share,29,B,-0.01165334925863959,-0.016265382266464616,-0.00811150513632582
rim_share,30,B,-0.018789241029940187,-0.024540559686958247,-0.014601050411747437
rim_share,31,B,-0.03212936127314457,-0.03859622068681495,-0.026764617762327733
rim_share,32,B,-0.03696377806679699,-0.043345072547757414,-0.03125371653539164
rim_share,33,B,-0.044518086764739936,-0.05213551261260624,-0.03870804388186085
rim_share,34,B,-0.052434580990960794,-0.06082845543182249,-0.04603775572915685
rim_share,35,B,-0.05406096098660711,-0.06269744040420006,-0.04623134045601248
rim_share,36,B,-0.06545324110613704,-0.07493627569832377,-0.05587756688630915
rim_share,19,C,0.0614515727683429,,
rim_share,20,C,0.056740202200013246,,
rim_share,21,C,0.0502627898051739,,
rim_share,22,C,0.04248013030293396,,
rim_share,23,C,0.0338530184124029,,
rim_share,24,C,0.024842248852689985,,
rim_share,25,C,0.015908616342904525,,
rim_share,26,C,0.007512915602155779,,
rim_share,27,C,0.0,,
rim_share,28,C,-0.006749042492219248,,
rim_share,29,C,-0.01296906525271141,,
rim_share,30,C,-0.01889492165968598,,
rim_share,31,C,-0.024761465091352575,,
rim_share,32,C,-0.03080354892592052,,
rim_share,33,C,-0.037256026541599374,,
rim_share,34,C,-0.04435375131659869,,
rim_share,35,C,-0.05233157662912791,,
rim_share,36,C,-0.06142435585739653,,
stl_pct,19,A,-0.008377014618037248,-0.05510455722023291,0.04989242231464329
stl_pct,20,A,0.04327874254972919,0.009511993744670166,0.08304633734673873
stl_pct,21,A,0.054341124971525656,0.02147186815443643,0.09179252849380913
stl_pct,22,A,0.08101826539726897,0.053648736489574335,0.11067387531226025
stl_pct,23,A,0.09649083363138894,0.0717219240743511,0.12659240278768694
stl_pct,24,A,0.07053807927375033,0.048454016781667254,0.09557594087365762
stl_pct,25,A,0.08084369817995563,0.06203799316760459,0.10318118244714129
stl_pct,26,A,0.045737785595005576,0.025859442879179278,0.06523659606653334
stl_pct,27,A,0.0,0.0,0.0
stl_pct,28,A,-0.020738182407870176,-0.03801520160192665,-7.559080176926464e-05
stl_pct,29,A,-0.016214462386484385,-0.035974724338198316,0.00988261703140072
stl_pct,30,A,-0.0644576867466844,-0.08867919847347,-0.03733653647570699
stl_pct,31,A,-0.09652063665317995,-0.12138506649766588,-0.06779535303234661
stl_pct,32,A,-0.11569926159517441,-0.1488073683153173,-0.08616228275182845
stl_pct,33,A,-0.1461332306806329,-0.18327479712606987,-0.10832959777945568
stl_pct,34,A,-0.1339562549606591,-0.17451771917508085,-0.08404871309130697
stl_pct,35,A,-0.1414937173230339,-0.20072074361646464,-0.08873629947685113
stl_pct,36,A,-0.17348619818733146,-0.23058424401558578,-0.11542586356414264
stl_pct,19,B,-0.006474349037920435,-0.06788879946832566,0.043217349867731625
stl_pct,20,B,0.04560862051192249,0.007303344976638621,0.08251275696652988
stl_pct,21,B,0.058224856734385655,0.024658761606794775,0.0891580532364012
stl_pct,22,B,0.08558369258876741,0.05592166856330024,0.11642321444635487
stl_pct,23,B,0.09907973992245994,0.06925586339528572,0.12899835820892427
stl_pct,24,B,0.06701748733073909,0.04575866209693736,0.09016824839777061
stl_pct,25,B,0.08344517647836275,0.06239308952923559,0.10404937338027455
stl_pct,26,B,0.04857683818717534,0.02947157055147875,0.06938501703012508
stl_pct,27,B,0.0,0.0,0.0
stl_pct,28,B,-0.018805930279774896,-0.04383554532154054,0.003235382478752488
stl_pct,29,B,-0.01416843497234127,-0.039797978889100284,0.00892028342035978
stl_pct,30,B,-0.06117100517382057,-0.08482526993381184,-0.03350486049042725
stl_pct,31,B,-0.08918415132833135,-0.12091896825423233,-0.06250410109175734
stl_pct,32,B,-0.10109856472987705,-0.13560740652779218,-0.0654697716863237
stl_pct,33,B,-0.12067660571723998,-0.16374952249029454,-0.08121986858440389
stl_pct,34,B,-0.0949511080351475,-0.14543470397615096,-0.05980755282808156
stl_pct,35,B,-0.0836609403619542,-0.13293589519671573,-0.026181737579690452
stl_pct,36,B,-0.12309280471028233,-0.18485534676690624,-0.06965595524606169
stl_pct,19,C,-0.07401208268621562,,
stl_pct,20,C,-0.008868509895920917,,
stl_pct,21,C,0.033038123530907404,,
stl_pct,22,C,0.05535048310110158,,
stl_pct,23,C,0.06171123432149472,,
stl_pct,24,C,0.05576304269891996,,
stl_pct,25,C,0.04114857374021108,,
stl_pct,26,C,0.021510492952199645,,
stl_pct,27,C,0.0,,
stl_pct,28,C,-0.022197568818156155,,
stl_pct,29,C,-0.04438834304575612,,
stl_pct,30,C,-0.06587845222628719,,
stl_pct,31,C,-0.08597402590323755,,
stl_pct,32,C,-0.10398119362009384,,
stl_pct,33,C,-0.11920608492034446,,
stl_pct,34,C,-0.1309548293474765,,
stl_pct,35,C,-0.13853355644497767,,
stl_pct,36,C,-0.14124839575633552,,
tov_pct,19,A,2.321383306816548,1.9074162067126377,2.7016013396091068
tov_pct,20,A,1.880502005162638,1.5935989678513671,2.138703003837809
tov_pct,21,A,1.1759101954913496,0.9463369146552334,1.3357061969918294
tov_pct,22,A,0.8369206056606406,0.6421004653053163,0.9858889761850497
tov_pct,23,A,0.5572360688512146,0.4116159796280277,0.7100415493189504
tov_pct,24,A,0.3150062931517122,0.161298210346,0.4395442068048473
tov_pct,25,A,-0.027955466895216614,-0.17658599298562244,0.09460070364640158
tov_pct,26,A,0.01769054129297925,-0.11677922997384274,0.14190161341671495
tov_pct,27,A,0.0,0.0,0.0
tov_pct,28,A,-0.11939133460882637,-0.23876399538130946,-0.0007385268081579962
tov_pct,29,A,0.10939699327051464,-0.02106724700656824,0.21946794766439612
tov_pct,30,A,-0.015178624428577168,-0.18133746477971643,0.12415610692545655
tov_pct,31,A,0.21603662003076918,0.004496225876376007,0.40111585425305496
tov_pct,32,A,0.42197753402273624,0.1930308376326644,0.6654302578503196
tov_pct,33,A,0.5090699841991756,0.2835858324508242,0.7130978775848825
tov_pct,34,A,1.0117164465232833,0.7296287472232295,1.2929095706023528
tov_pct,35,A,1.2969473491760124,0.9807859242398398,1.628050569123043
tov_pct,36,A,1.915545989156217,1.539677463084011,2.3169083146498677
tov_pct,19,B,2.47211591170458,2.063257823234829,2.9242881761033543
tov_pct,20,B,2.018197633877137,1.7669588712579913,2.2777156936525005
tov_pct,21,B,1.2883587449335856,1.0531170699277579,1.5298542467523797
tov_pct,22,B,0.9252232604759268,0.7393445180422605,1.100453924289637
tov_pct,23,B,0.6531257734179693,0.49352801974754307,0.8382078435116954
tov_pct,24,B,0.36836771373886895,0.23136601921890088,0.5209544236749759
tov_pct,25,B,0.006278325386236905,-0.14397851408703402,0.14192153239327057
tov_pct,26,B,0.02884492283119626,-0.08957396087983553,0.13907182885306107
tov_pct,27,B,0.0,0.0,0.0
tov_pct,28,B,-0.19302950206853986,-0.33099240406729125,-0.07248598722546716
tov_pct,29,B,0.02832737926693843,-0.12281605323429731,0.16897890390362322
tov_pct,30,B,-0.13998333221214387,-0.3484174382832687,0.013833438172072507
tov_pct,31,B,0.039194994496593666,-0.20193879016155553,0.23119264138753223
tov_pct,32,B,0.13976496194074314,-0.12856249588052843,0.3793816707460102
tov_pct,33,B,0.20998313196901328,-0.07391399257696034,0.506245635239311
tov_pct,34,B,0.6875385667380968,0.3710617676079693,1.0794422148042013
tov_pct,35,B,0.8913196115702319,0.5172491826256566,1.3412086240421404
tov_pct,36,B,1.511111010129449,1.0790997833438605,2.015226949405056
tov_pct,19,C,1.5946199412257425,,
tov_pct,20,C,1.2110975805184747,,
tov_pct,21,C,0.8809467329161347,,
tov_pct,22,C,0.6038030293946264,,
tov_pct,23,C,0.37930210092985206,,
tov_pct,24,C,0.20707957849771752,,
tov_pct,25,C,0.08677109307412323,,
tov_pct,26,C,0.018012275634974984,,
tov_pct,27,C,0.0,,
tov_pct,28,C,0.03017611136422893,,
tov_pct,29,C,0.1055436977665174,,
tov_pct,30,C,0.22310584724571747,,
tov_pct,31,C,0.3798656478406848,,
tov_pct,32,C,0.5728261875902749,,
tov_pct,33,C,0.7989905545333436,,
tov_pct,34,C,1.0553618367087445,,
tov_pct,35,C,1.3389431221553334,,
tov_pct,36,C,1.6467374989119605,,
