stat,season,model,rmse,mae,coverage
ast_pct,2023,hybrid,3.548775550069359,2.769869926087531,0.8069164265129684
ast_pct,2023,marcel_naive,3.5464136377677384,2.766019661457357,
ast_pct,2023,mixed,3.7859642450133166,2.9191411121352466,
ast_pct,2023,persistence,4.065546259335975,3.0139898467245922,
ast_pct,2024,hybrid,4.019719637845204,3.0098332519009645,0.7755102040816326
ast_pct,2024,marcel_naive,4.019001415774757,3.006534599496708,
ast_pct,2024,mixed,4.292650530598574,3.2231982199544973,
ast_pct,2024,persistence,4.072641154320846,3.1164032499055145,
ast_pct,2025,hybrid,3.6154425997441746,2.8126745927382504,0.8352601156069365
ast_pct,2025,marcel_naive,3.6160385310236993,2.809526418685832,
ast_pct,2025,mixed,3.9017489281405413,2.9858773998830195,
ast_pct,2025,persistence,3.8185069305921595,2.954686834598851,
ast_pct,2026,hybrid,4.498511167176053,3.2512973844090722,0.7675070028011205
ast_pct,2026,marcel_naive,4.499467821544899,3.250919003390387,
ast_pct,2026,mixed,4.740672120994699,3.437973360954099,
ast_pct,2026,persistence,4.523451618403266,3.244786831414826,
blk_pct,2023,hybrid,0.691374569108786,0.4617298204860354,0.7521613832853026
blk_pct,2023,marcel_naive,0.6910435042159149,0.4613700257783114,
blk_pct,2023,mixed,0.741440072549093,0.47785939150930434,
blk_pct,2023,persistence,0.7554032900549171,0.5207577858049399,
blk_pct,2024,hybrid,0.6412353757878158,0.45599093505866445,0.760932944606414
blk_pct,2024,marcel_naive,0.6416890616679517,0.4559859798265986,
blk_pct,2024,mixed,0.6227708097433878,0.47212699798952223,
blk_pct,2024,persistence,0.7590616996121402,0.5096901858571539,
blk_pct,2025,hybrid,0.5777228479532137,0.41580190342509615,0.8092485549132948
blk_pct,2025,marcel_naive,0.5780105886028334,0.41597385770471307,
blk_pct,2025,mixed,0.5907993678508133,0.4246796832660501,
blk_pct,2025,persistence,0.6428236999896708,0.4754033586436865,
blk_pct,2026,hybrid,0.6829450189836866,0.4840457698400396,0.7619047619047619
blk_pct,2026,marcel_naive,0.6830157560304093,0.48356797252406414,
blk_pct,2026,mixed,0.6832371700143633,0.4848817421157138,
blk_pct,2026,persistence,0.7202991514249659,0.5160150583198021,
bpm,2023,hybrid,1.5863839137122777,1.2462011308296577,0.7953890489913544
bpm,2023,marcel_naive,1.5755106291924659,1.2324714243316313,
bpm,2023,mixed,1.5969133005783758,1.223415674427673,
bpm,2023,persistence,1.8854370447593973,1.4465955286537149,
bpm,2024,hybrid,1.5800165640031527,1.2432133921489674,0.7988338192419825
bpm,2024,marcel_naive,1.5680683815129253,1.2381921417544541,
bpm,2024,mixed,1.6795320849879825,1.308313965480619,
bpm,2024,persistence,1.7225057930845604,1.3542763202985932,
bpm,2025,hybrid,1.676142748899504,1.321921518322902,0.7745664739884393
bpm,2025,marcel_naive,1.6742547210109402,1.3219170132224707,
bpm,2025,mixed,1.7004995994498318,1.3580053719215148,
bpm,2025,persistence,1.8698604140256618,1.4686693985777992,
bpm,2026,hybrid,1.7411947069027505,1.3574144319870527,0.7647058823529411
bpm,2026,marcel_naive,1.747811755036272,1.36516603360725,
bpm,2026,mixed,1.8418171748570455,1.4265986079710702,
bpm,2026,persistence,1.9631531508831264,1.5555890229597125,
drb_pct,2023,hybrid,2.323797174379046,1.792862184298007,0.7319884726224783
drb_pct,2023,marcel_naive,2.318438108578007,1.787465988976508,
drb_pct,2023,mixed,2.3862172852353143,1.8107120903850389,
drb_pct,2023,persistence,2.3775132773487386,1.8132978619545055,
drb_pct,2024,hybrid,2.3570198134705107,1.8204670141745234,0.7346938775510204
drb_pct,2024,marcel_naive,2.35425090519333,1.816988207232384,
drb_pct,2024,mixed,2.4649277390333815,1.8882389838598042,
drb_pct,2024,persistence,2.2856821264508977,1.7841493671927169,
drb_pct,2025,hybrid,2.478944029584787,1.8924103235682102,0.7832369942196532
drb_pct,2025,marcel_naive,2.475363337918923,1.8872355930425222,
drb_pct,2025,mixed,2.551241141750917,1.9418988648237008,
drb_pct,2025,persistence,2.5704626027323014,1.9688527982001527,
drb_pct,2026,hybrid,2.251581214617512,1.7606917063785679,0.7955182072829131
drb_pct,2026,marcel_naive,2.250118928072954,1.7582548008486991,
drb_pct,2026,mixed,2.5414986629859304,1.9668710328209174,
drb_pct,2026,persistence,2.3681921347845827,1.8535391276878714,
fg3_pct,2023,hybrid,0.07126648436183544,0.043204136506466505,0.7351190476190477
fg3_pct,2023,marcel_naive,0.07118224983273819,0.04322135725298963,
fg3_pct,2023,mixed,0.06824432140032935,0.04216554703671179,
fg3_pct,2023,persistence,0.09135823165732612,0.04994971083756331,
fg3_pct,2024,hybrid,0.08607583528020418,0.047469546430405296,0.7927927927927928
fg3_pct,2024,marcel_naive,0.08607027461915101,0.04767374030201555,
fg3_pct,2024,mixed,0.08119351381850816,0.04567164767222609,
fg3_pct,2024,persistence,0.09911263492596348,0.04983691296254827,
fg3_pct,2025,hybrid,0.06602451147066807,0.040541827139525255,0.8012048192771084
fg3_pct,2025,marcel_naive,0.06583899152441623,0.04055322477173394,
fg3_pct,2025,mixed,0.06458345516498859,0.041518751322611167,
fg3_pct,2025,persistence,0.08044573487963369,0.04226883862700152,
fg3_pct,2026,hybrid,0.0830660400782781,0.04221798050132792,0.8179190751445087
fg3_pct,2026,marcel_naive,0.08305315842903983,0.042199214439030276,
fg3_pct,2026,mixed,0.09547350477282177,0.04451511251196385,
fg3_pct,2026,persistence,0.10719382736126647,0.04964294387917749,
fg3a_rate,2023,hybrid,0.08353092493333637,0.06587053956964331,0.760806916426513
fg3a_rate,2023,marcel_naive,0.08344053595008079,0.06580820306905287,
fg3a_rate,2023,mixed,0.09806077093880304,0.07053039482243187,
fg3a_rate,2023,persistence,0.07631317505712001,0.057140203065508155,
fg3a_rate,2024,hybrid,0.07844854073610708,0.06201528180470086,0.793002915451895
fg3a_rate,2024,marcel_naive,0.07847373967301612,0.06203689901726215,
fg3a_rate,2024,mixed,0.08838874317444376,0.06578159066799036,
fg3a_rate,2024,persistence,0.07311971861888023,0.05651548483240349,
fg3a_rate,2025,hybrid,0.08168946299679472,0.06331695370936226,0.7947976878612717
fg3a_rate,2025,marcel_naive,0.0818171642961918,0.06331909853757287,
fg3a_rate,2025,mixed,0.08795951240164404,0.06445743042633732,
fg3a_rate,2025,persistence,0.08156765956098087,0.0611283275079346,
fg3a_rate,2026,hybrid,0.08295472062483757,0.06559074419310551,0.7815126050420168
fg3a_rate,2026,marcel_naive,0.08290914375946398,0.06548489570064239,
fg3a_rate,2026,mixed,0.09672025813034106,0.07100253768586115,
fg3a_rate,2026,persistence,0.07763000197348968,0.05872368063645748,
ft_pct,2023,hybrid,0.057219163063598935,0.04339690713702933,0.7463976945244957
ft_pct,2023,marcel_naive,0.057127282588678746,0.043333889557060995,
ft_pct,2023,mixed,0.05969037558781817,0.04462125068570211,
ft_pct,2023,persistence,0.0740197767239062,0.05336325199172086,
ft_pct,2024,hybrid,0.05514793713041458,0.040226695745475265,0.8221574344023324
ft_pct,2024,marcel_naive,0.05517411470324048,0.040240549699831624,
ft_pct,2024,mixed,0.05666251521802738,0.04102381470219463,
ft_pct,2024,persistence,0.0656383097581923,0.04917162138547162,
ft_pct,2025,hybrid,0.06273690378211866,0.044417851884794274,0.7745664739884393
ft_pct,2025,marcel_naive,0.06264397079492375,0.04434717256638631,
ft_pct,2025,mixed,0.06347960615300884,0.04592673402342119,
ft_pct,2025,persistence,0.07223160306673565,0.05010207076749298,
ft_pct,2026,hybrid,0.06056438752521882,0.044112140381104316,0.7983193277310925
ft_pct,2026,marcel_naive,0.06056756005375525,0.04420566202083967,
ft_pct,2026,mixed,0.061345724141624355,0.045161747377462744,
ft_pct,2026,persistence,0.07491252650488116,0.054905331004228494,
mp,2023,hybrid,532.9918530070296,435.1937882758436,0.7723342939481268
mp,2023,marcel_naive,562.231842008229,464.5683199241902,
mp,2023,mixed,538.3872900664126,452.730368392114,
mp,2023,persistence,593.7269477296883,451.9815073708874,
mp,2024,hybrid,509.8163224371536,410.6549753070412,0.8104956268221575
mp,2024,marcel_naive,533.2639364355618,431.86972072700354,
mp,2024,mixed,536.0330796514208,437.84255446652014,
mp,2024,persistence,527.1232276214688,404.0107409808072,
mp,2025,hybrid,505.4099967554244,402.09735783300056,0.7861271676300579
mp,2025,marcel_naive,516.8476585115853,417.17410397793515,
mp,2025,mixed,515.4698460426496,421.8414823907175,
mp,2025,persistence,574.3334621141883,445.85970431079505,
mp,2026,hybrid,576.6491337505623,459.47371970771957,0.7647058823529411
mp,2026,marcel_naive,587.4601655907045,469.50616200950725,
mp,2026,mixed,545.091626873264,432.5887153954161,
mp,2026,persistence,652.1463415099154,515.1289494387336,
rim_fg_pct,2023,hybrid,0.06077058314213318,0.04696745232074569,0.7463976945244957
rim_fg_pct,2023,marcel_naive,0.060838226210282266,0.04723373033197391,
rim_fg_pct,2023,mixed,0.0649026046060441,0.052721357429540476,
rim_fg_pct,2023,persistence,0.07193432446357843,0.05401817103455817,
rim_fg_pct,2024,hybrid,0.05722370947645343,0.04294884831595043,0.8017492711370262
rim_fg_pct,2024,marcel_naive,0.05740219564964433,0.04309223210828997,
rim_fg_pct,2024,mixed,0.06059198530955822,0.047513396256305546,
rim_fg_pct,2024,persistence,0.07119007034621863,0.05256466103735025,
rim_fg_pct,2025,hybrid,0.056526998144349326,0.04353081501080029,0.8294797687861272
rim_fg_pct,2025,marcel_naive,0.05659190060188619,0.0435496459093069,
rim_fg_pct,2025,mixed,0.05946659305086779,0.04567811845259378,
rim_fg_pct,2025,persistence,0.06764201187711368,0.05143293894134732,
rim_fg_pct,2026,hybrid,0.058567118641013244,0.0443273485879469,0.7899159663865546
rim_fg_pct,2026,marcel_naive,0.05844269140690311,0.04439930346237732,
rim_fg_pct,2026,mixed,0.06263963453299197,0.04894143029616375,
rim_fg_pct,2026,persistence,0.0671404227148654,0.04931787799291,
rim_share,2023,hybrid,0.06887659707619721,0.051485099623069484,0.7780979827089337
rim_share,2023,marcel_naive,0.0689166262148225,0.05148713583992061,
rim_share,2023,mixed,0.07441068076603541,0.05238200424003311,
rim_share,2023,persistence,0.06183619871452481,0.045811567377096435,
rim_share,2024,hybrid,0.06725522700721917,0.04841520004973321,0.8134110787172012
rim_share,2024,marcel_naive,0.06729074405781117,0.04845889120425223,
rim_share,2024,mixed,0.07094623025031323,0.052020345879730784,
rim_share,2024,persistence,0.06374136164473033,0.04736792496432287,
rim_share,2025,hybrid,0.06285001903760727,0.047949730611475255,0.8034682080924855
rim_share,2025,marcel_naive,0.06280869605140414,0.04790356036190653,
rim_share,2025,mixed,0.06969062091335813,0.053175103816930795,
rim_share,2025,persistence,0.06899394854551645,0.051627601040778855,
rim_share,2026,hybrid,0.07328031109221547,0.055816010709643496,0.7759103641456583
rim_share,2026,marcel_naive,0.0733219461302133,0.05578993150388498,
rim_share,2026,mixed,0.07741545834261375,0.05738320959001602,
rim_share,2026,persistence,0.06729517102145474,0.05003695200752067,
stl_pct,2023,hybrid,0.31821483073096596,0.24870550463017146,0.7982708933717579
stl_pct,2023,marcel_naive,0.31775134320860127,0.24844632305259431,
stl_pct,2023,mixed,0.337770732772006,0.2662382107729194,
stl_pct,2023,persistence,0.38970909879685023,0.2924418627355267,
stl_pct,2024,hybrid,0.33308504172348646,0.24852770749912906,0.7959183673469388
stl_pct,2024,marcel_naive,0.3337872281283868,0.24922136647922455,
stl_pct,2024,mixed,0.3283808494895275,0.2448998087954119,
stl_pct,2024,persistence,0.3701157806612458,0.2775812133685556,
stl_pct,2025,hybrid,0.4065509760434883,0.3063972427170794,0.7341040462427746
stl_pct,2025,marcel_naive,0.40670435920987,0.30693590476047605,
stl_pct,2025,mixed,0.40255925490148475,0.30114613238627425,
stl_pct,2025,persistence,0.4290234334206101,0.3297870716323169,
stl_pct,2026,hybrid,0.4042469455797371,0.306282170709355,0.7535014005602241
stl_pct,2026,marcel_naive,0.40455212611433494,0.3067045266987057,
stl_pct,2026,mixed,0.4300709524345041,0.31234093593405987,
stl_pct,2026,persistence,0.4437015808115885,0.3468216361737703,
tov_pct,2023,hybrid,1.9769858341634658,1.483802431835364,0.8155619596541787
tov_pct,2023,marcel_naive,1.9722189408130908,1.4821724415539235,
tov_pct,2023,mixed,2.0730404454242035,1.567806681030265,
tov_pct,2023,persistence,2.300800475333898,1.758467636434638,
tov_pct,2024,hybrid,2.0486393046730162,1.5432417353174832,0.7784256559766763
tov_pct,2024,marcel_naive,2.0507877714369736,1.5477817567819905,
tov_pct,2024,mixed,2.1619142832678953,1.603018630458871,
tov_pct,2024,persistence,2.2958116824301213,1.6992262968975502,
tov_pct,2025,hybrid,2.026759058243009,1.52962250833272,0.8208092485549133
tov_pct,2025,marcel_naive,2.0222474694195207,1.5259857307622993,
tov_pct,2025,mixed,2.16705293805839,1.6028203064380402,
tov_pct,2025,persistence,2.14148851093466,1.5843469527138323,
tov_pct,2026,hybrid,2.0477419277122255,1.5940145044023348,0.8263305322128851
tov_pct,2026,marcel_naive,2.046334881555946,1.5932012703776115,
tov_pct,2026,mixed,2.033800790591592,1.597219009472028,
tov_pct,2026,persistence,2.4281067030847443,1.9211065973710313,
