stat,horizon,season,model,n,rmse,bias,coverage
ast_pct,1,2023,persistence,347,4.065546259335975,-0.22475075661427324,
ast_pct,1,2023,marcel_naive,347,3.5464136377677384,-0.37942022349487164,
ast_pct,1,2023,hybrid,347,3.5487755500627665,-0.3939443692867613,
ast_pct,1,2024,persistence,343,4.072641154320846,0.8356338157799402,
ast_pct,1,2024,marcel_naive,343,4.019001415774757,0.5324467639694013,
ast_pct,1,2024,hybrid,343,4.019719637848912,0.519084902192527,0.7259475218658892
ast_pct,1,2025,persistence,346,3.8185069305921595,0.3976754650275199,
ast_pct,1,2025,marcel_naive,346,3.6160385310236993,0.3997747931582071,
ast_pct,1,2025,hybrid,346,3.615442880281894,0.38187717285481987,0.8179190751445087
ast_pct,1,2026,persistence,357,4.523451618403266,0.7175452363274925,
ast_pct,1,2026,marcel_naive,357,4.499467821544899,0.6735678079240071,
ast_pct,1,2026,hybrid,357,4.49851116717626,0.6602098006917791,0.7535014005602241
ast_pct,2,2023,persistence,300,4.5192468837783615,0.1583637393817669,
ast_pct,2,2023,marcel_naive,300,4.2413630896772325,-0.09909886767024238,
ast_pct,2,2023,hybrid,300,4.242008352636932,-0.1264081815818834,
ast_pct,2,2024,persistence,306,5.410092784451423,0.5627638701539862,
ast_pct,2,2024,marcel_naive,306,4.593487396845998,0.3572229333004205,
ast_pct,2,2024,hybrid,306,4.591988941584725,0.326189561075304,0.7810457516339869
ast_pct,2,2025,persistence,298,5.010954649598108,1.0680738086057115,
ast_pct,2,2025,marcel_naive,298,4.318063052674349,0.7147689643671459,
ast_pct,2,2025,hybrid,298,4.313231645990847,0.6786105446371263,0.7919463087248322
ast_pct,2,2026,persistence,294,5.2673031651710165,0.8908645100055366,
ast_pct,2,2026,marcel_naive,294,4.870613881611682,0.7264090724945617,
ast_pct,2,2026,hybrid,294,4.86406579712485,0.6960627802768453,0.782312925170068
ast_pct,3,2023,persistence,251,5.067357799668616,0.3446343418778502,
ast_pct,3,2023,marcel_naive,251,4.775818908424189,0.054446445133285774,
ast_pct,3,2023,hybrid,251,4.773998626887713,-0.000739168100712767,
ast_pct,3,2024,persistence,263,5.738783305868059,0.8916815780344944,
ast_pct,3,2024,marcel_naive,263,5.102981753903557,0.7056919287850931,
ast_pct,3,2024,hybrid,263,5.096614991961887,0.6592572910784881,0.8060836501901141
ast_pct,3,2025,persistence,265,5.466128671212058,0.9880258627714624,
ast_pct,3,2025,marcel_naive,265,4.47256358221677,0.6407416813960058,
ast_pct,3,2025,hybrid,265,4.465860119685954,0.5863233872033751,0.8301886792452831
ast_pct,3,2026,persistence,255,6.107560517379302,1.8769361920133976,
ast_pct,3,2026,marcel_naive,255,5.394784634609667,1.3238846495533168,
ast_pct,3,2026,hybrid,255,5.380864538000292,1.2803706868243836,0.7764705882352941
blk_pct,1,2023,persistence,347,0.7554032900549171,-0.10709382016987212,
blk_pct,1,2023,marcel_naive,347,0.6910435042159149,-0.08906206735929058,
blk_pct,1,2023,hybrid,347,0.6913745641105677,-0.09320128028738521,
blk_pct,1,2024,persistence,343,0.7590616996121402,0.10617748369270417,
blk_pct,1,2024,marcel_naive,343,0.6416890616679517,0.08537898192039142,
blk_pct,1,2024,hybrid,343,0.6412353763599138,0.08158241709340219,0.7696793002915452
blk_pct,1,2025,persistence,346,0.6428236999896708,-0.039964444980113284,
blk_pct,1,2025,marcel_naive,346,0.5780105886028334,0.020973781275346666,
blk_pct,1,2025,hybrid,346,0.5777228391703234,0.016762781078199063,0.8063583815028902
blk_pct,1,2026,persistence,357,0.7202991514249659,-0.1245510572413335,
blk_pct,1,2026,marcel_naive,357,0.6830157560304092,-0.0712087259348688,
blk_pct,1,2026,hybrid,357,0.6829450189717604,-0.07458415334061892,0.773109243697479
blk_pct,2,2023,persistence,300,0.8991298254922914,-0.18819885224975363,
blk_pct,2,2023,marcel_naive,300,0.7580002411923735,-0.11904254291564459,
blk_pct,2,2023,hybrid,300,0.7585863320910391,-0.12582923935563978,
blk_pct,2,2024,persistence,306,0.8402202299763541,0.0034362244451062486,
blk_pct,2,2024,marcel_naive,306,0.6983653973915203,0.04587767024282333,
blk_pct,2,2024,hybrid,306,0.6980100531763928,0.038831846067169794,0.7352941176470589
blk_pct,2,2025,persistence,298,0.7897229574005143,0.06951300836981422,
blk_pct,2,2025,marcel_naive,298,0.6522802993139986,0.07701404626493553,
blk_pct,2,2025,hybrid,298,0.6513320070408839,0.06869385726368313,0.8154362416107382
blk_pct,2,2026,persistence,294,0.8124486540550149,-0.16753263873409405,
blk_pct,2,2026,marcel_naive,294,0.7063677259083816,-0.07493572664434664,
blk_pct,2,2026,hybrid,294,0.7068285849806574,-0.08209780866524957,0.782312925170068
blk_pct,3,2023,persistence,251,0.8780347316027268,-0.15295665618557777,
blk_pct,3,2023,marcel_naive,251,0.7566318388119809,-0.05028775751115915,
blk_pct,3,2023,hybrid,251,0.7570312613470395,-0.059610354096872896,
blk_pct,3,2024,persistence,263,0.8725454912501055,-0.08662693629414453,
blk_pct,3,2024,marcel_naive,263,0.683927764852573,0.027706419997898805,
blk_pct,3,2024,hybrid,263,0.683876549721941,0.018952963828381388,0.7452471482889734
blk_pct,3,2025,persistence,265,0.7954102681015075,-0.04313144277390704,
blk_pct,3,2025,marcel_naive,265,0.6696557606407803,0.019245068325961984,
blk_pct,3,2025,hybrid,265,0.6692715684469985,0.00819794845795577,0.7471698113207547
blk_pct,3,2026,persistence,255,0.9119876729268411,-0.04216709175944338,
blk_pct,3,2026,marcel_naive,255,0.7521954064448769,-0.0010384433738263549,
blk_pct,3,2026,hybrid,255,0.7521255871372627,-0.012889453948352602,0.8
bpm,1,2023,persistence,347,1.885437044759397,-0.009640730254808154,
bpm,1,2023,marcel_naive,347,1.5755106291924659,-0.10436201121189681,
bpm,1,2023,hybrid,347,1.5863839105826942,-0.1858655999271344,
bpm,1,2024,persistence,343,1.7225057930845606,0.06538603887902152,
bpm,1,2024,marcel_naive,343,1.5680683815129253,-0.08376472813674715,
bpm,1,2024,hybrid,343,1.5800165640022144,-0.16521562607978105,0.7959183673469388
bpm,1,2025,persistence,346,1.8698604140256616,0.26730906753445016,
bpm,1,2025,marcel_naive,346,1.6742547210109402,0.14670522754697898,
bpm,1,2025,hybrid,346,1.67614268685171,0.0630002490891148,0.7572254335260116
bpm,1,2026,persistence,357,1.9631531508831264,0.2760986396405641,
bpm,1,2026,marcel_naive,357,1.747811755036272,0.2419412025109495,
bpm,1,2026,hybrid,357,1.7411947068444873,0.15962042720457845,0.7591036414565826
bpm,2,2023,persistence,300,2.1123629357201916,0.03639708719242126,
bpm,2,2023,marcel_naive,300,1.742182052780201,0.007980244388021081,
bpm,2,2023,hybrid,300,1.7534710636450321,-0.14809439445353084,
bpm,2,2024,persistence,306,2.245582874464284,-0.04095812238319641,
bpm,2,2024,marcel_naive,306,1.8215260194521767,-0.14007552623562497,
bpm,2,2024,hybrid,306,1.8495773979347392,-0.3025577092535356,0.7581699346405228
bpm,2,2025,persistence,298,2.215699831268285,0.2949767505160251,
bpm,2,2025,marcel_naive,298,1.7778071811924294,0.1954024830606464,
bpm,2,2025,hybrid,298,1.779816737234557,0.028675044343139198,0.7785234899328859
bpm,2,2026,persistence,294,2.1095615233591785,0.3310319041079145,
bpm,2,2026,marcel_naive,294,1.9677624366066013,0.25910988452521705,
bpm,2,2026,hybrid,294,1.9561221476347874,0.09563175661040403,0.7278911564625851
bpm,3,2023,persistence,251,2.361087071581689,0.27931824334173205,
bpm,3,2023,marcel_naive,251,1.9060682439060297,0.13959485153656392,
bpm,3,2023,hybrid,251,1.9048890320424285,-0.09479270711760701,
bpm,3,2024,persistence,263,2.40193233951672,-0.19082832336330582,
bpm,3,2024,marcel_naive,263,2.041758691836509,-0.06933761292184916,
bpm,3,2024,hybrid,263,2.07346682786878,-0.3066069110279029,0.7604562737642585
bpm,3,2025,persistence,265,2.5768474706458435,0.25225955465916966,
bpm,3,2025,marcel_naive,265,1.9563958114244777,0.154965170204842,
bpm,3,2025,hybrid,265,1.966290318319689,-0.09218094160197678,0.7924528301886793
bpm,3,2026,persistence,255,2.4891853189889024,0.444862253414055,
bpm,3,2026,marcel_naive,255,2.0893803378001543,0.3564350138049167,
bpm,3,2026,hybrid,255,2.064739934844196,0.10871015356020355,0.7215686274509804
drb_pct,1,2023,persistence,347,2.3775132773487386,-0.2846597676461974,
drb_pct,1,2023,marcel_naive,347,2.318438108578007,-0.4384551999778609,
drb_pct,1,2023,hybrid,347,2.323797174379033,-0.4600209488536077,
drb_pct,1,2024,persistence,343,2.2856821264508977,-0.11505460569732175,
drb_pct,1,2024,marcel_naive,343,2.35425090519333,-0.3187514890877234,
drb_pct,1,2024,hybrid,343,2.3570198134731934,-0.33906671732378085,0.7813411078717201
drb_pct,1,2025,persistence,346,2.5704626027323014,-0.09533465911373595,
drb_pct,1,2025,marcel_naive,346,2.475363337918923,-0.21536707562207616,
drb_pct,1,2025,hybrid,346,2.478944029587496,-0.2362807786702139,0.8034682080924855
drb_pct,1,2026,persistence,357,2.3681921347845827,-0.19603139631509794,
drb_pct,1,2026,marcel_naive,357,2.250118928072954,-0.3114612040619749,
drb_pct,1,2026,hybrid,357,2.2515812146164986,-0.33166497420133206,0.8235294117647058
drb_pct,2,2023,persistence,300,2.80118211006675,-0.3692944841407195,
drb_pct,2,2023,marcel_naive,300,2.5309333794803592,-0.45285097697220794,
drb_pct,2,2023,hybrid,300,2.5379565562166087,-0.4938709658465381,
drb_pct,2,2024,persistence,306,2.9411116165404443,-0.4244199236199919,
drb_pct,2,2024,marcel_naive,306,2.754919634793614,-0.6112604667434319,
drb_pct,2,2024,hybrid,306,2.763050166124669,-0.6520205289504337,0.7352941176470589
drb_pct,2,2025,persistence,298,2.8250114199749063,-0.07547508335790604,
drb_pct,2,2025,marcel_naive,298,2.778389798044168,-0.2648560659591875,
drb_pct,2,2025,hybrid,298,2.7835184828652584,-0.3074542105199039,0.7483221476510067
drb_pct,2,2026,persistence,294,2.8576873032254544,-0.5096002339299026,
drb_pct,2,2026,marcel_naive,294,2.6823450777369433,-0.6593425136533692,
drb_pct,2,2026,hybrid,294,2.692428649511576,-0.7008042571014006,0.782312925170068
drb_pct,3,2023,persistence,251,2.763540035062652,-0.2908119546883785,
drb_pct,3,2023,marcel_naive,251,2.7296596851497146,-0.32328071232078126,
drb_pct,3,2023,hybrid,251,2.737018884930517,-0.3815139562462224,
drb_pct,3,2024,persistence,263,3.0937196656855224,-0.7353894799364115,
drb_pct,3,2024,marcel_naive,263,2.7667529643180875,-0.7912201066177377,
drb_pct,3,2024,hybrid,263,2.7822600128799446,-0.849377369241504,0.7414448669201521
drb_pct,3,2025,persistence,265,3.363590104000138,-0.2260089434869412,
drb_pct,3,2025,marcel_naive,265,3.100103854073364,-0.5164838783649681,
drb_pct,3,2025,hybrid,265,3.1123145434364297,-0.5788917143001931,0.7622641509433963
drb_pct,3,2026,persistence,255,3.115000556159402,-0.6065477141393388,
drb_pct,3,2026,marcel_naive,255,2.954993494160536,-0.7920973977750777,
drb_pct,3,2026,hybrid,255,2.971815180666462,-0.8564832792141033,0.7843137254901961
fg3_pct,1,2023,persistence,336,0.09135823165732611,0.004964531320390582,
fg3_pct,1,2023,marcel_naive,336,0.07118224983273819,-0.005511347288856627,
fg3_pct,1,2023,hybrid,336,0.07126648424745223,-0.006911339855199818,
fg3_pct,1,2024,persistence,333,0.09911263492596348,0.005834542399787034,
fg3_pct,1,2024,marcel_naive,333,0.08607027461915101,-0.0010378467584551336,
fg3_pct,1,2024,hybrid,333,0.08607583528021259,-0.002526336312196762,0.8228228228228228
fg3_pct,1,2025,persistence,332,0.08044573487963369,-0.007190700766130603,
fg3_pct,1,2025,marcel_naive,332,0.06583899152441623,-0.009990311642879092,
fg3_pct,1,2025,hybrid,332,0.0660245114699851,-0.011457029117880217,0.8102409638554217
fg3_pct,1,2026,persistence,346,0.10719382736126647,0.012241542134036104,
fg3_pct,1,2026,marcel_naive,346,0.08305315842903983,-0.00023563418863776123,
fg3_pct,1,2026,hybrid,346,0.08306603956261549,-0.0016334294236376545,0.8236994219653179
fg3_pct,2,2023,persistence,293,0.0924656490350927,-0.008194722406134714,
fg3_pct,2,2023,marcel_naive,293,0.07838340242617224,-0.010720433020148294,
fg3_pct,2,2023,hybrid,293,0.07885469487289874,-0.013621975333447986,
fg3_pct,2,2024,persistence,296,0.08632243943222564,0.017823230758971628,
fg3_pct,2,2024,marcel_naive,296,0.07982333143753921,0.00553669276812819,
fg3_pct,2,2024,hybrid,296,0.07960413858114065,0.0027313108410691356,0.7297297297297297
fg3_pct,2,2025,persistence,286,0.09424155146825208,0.0009083216097452812,
fg3_pct,2,2025,marcel_naive,286,0.06947218000819032,-0.003954854435145016,
fg3_pct,2,2025,hybrid,286,0.06958505502973515,-0.006943361790742214,0.7762237762237763
fg3_pct,2,2026,persistence,284,0.09657043790596725,-2.151834667563989e-05,
fg3_pct,2,2026,marcel_naive,284,0.07305447431031535,-0.003595198892563367,
fg3_pct,2,2026,hybrid,284,0.0732385771080348,-0.006454151885279449,0.8556338028169014
fg3_pct,3,2023,persistence,241,0.08145056312138443,0.004535730958897878,
fg3_pct,3,2023,marcel_naive,241,0.06866861384615079,0.0001949779229982933,
fg3_pct,3,2023,hybrid,241,0.06880386600668754,-0.0040806223354755596,
fg3_pct,3,2024,persistence,255,0.084079675444006,-7.268600966803411e-06,
fg3_pct,3,2024,marcel_naive,255,0.08393150302124691,0.0005606991052129782,
fg3_pct,3,2024,hybrid,255,0.08397763301503657,-0.00373736737212721,0.8117647058823529
fg3_pct,3,2025,persistence,255,0.09647150995997555,0.010730160707242477,
fg3_pct,3,2025,marcel_naive,255,0.07224824324043363,0.004209092018681007,
fg3_pct,3,2025,hybrid,255,0.07199105938530583,7.738025046648982e-06,0.7490196078431373
fg3_pct,3,2026,persistence,245,0.09858235658073664,0.007652865929859756,
fg3_pct,3,2026,marcel_naive,245,0.0729096849169573,0.0022092343589234613,
fg3_pct,3,2026,hybrid,245,0.07290205957917667,-0.0021580640424716238,0.8244897959183674
fg3a_rate,1,2023,persistence,347,0.07631317505712001,0.006406187640339743,
fg3a_rate,1,2023,marcel_naive,347,0.08344053595008079,-0.007273765421084703,
fg3a_rate,1,2023,hybrid,347,0.08353092439673629,-0.007346236447005987,
fg3a_rate,1,2024,persistence,343,0.07311971861888023,0.008850133454483503,
fg3a_rate,1,2024,marcel_naive,343,0.07847373967301612,-0.0030524428679264653,
fg3a_rate,1,2024,hybrid,343,0.07844854073970244,-0.0031061026267758976,0.7959183673469388
fg3a_rate,1,2025,persistence,346,0.08156765956098089,0.02255220762524607,
fg3a_rate,1,2025,marcel_naive,346,0.08181716429619182,0.01654403324734265,
fg3a_rate,1,2025,hybrid,346,0.08168946299675207,0.016500924802854398,0.8179190751445087
fg3a_rate,1,2026,persistence,357,0.07763000197348968,0.0011009474830030541,
fg3a_rate,1,2026,marcel_naive,357,0.08290914375946398,-0.0018197879683853181,
fg3a_rate,1,2026,hybrid,357,0.0829547208545299,-0.0018993460717469696,0.7871148459383753
fg3a_rate,2,2023,persistence,300,0.09822098634525461,0.005412711675702131,
fg3a_rate,2,2023,marcel_naive,300,0.10018843761980126,-0.013492615200293094,
fg3a_rate,2,2023,hybrid,300,0.10040935343047024,-0.013652808533897075,
fg3a_rate,2,2024,persistence,306,0.09637179708363129,0.013882885447506259,
fg3a_rate,2,2024,marcel_naive,306,0.0962428598313659,-0.015893693072011026,
fg3a_rate,2,2024,hybrid,306,0.09628836410692959,-0.01593019695305998,0.7516339869281046
fg3a_rate,2,2025,persistence,298,0.09823335632452336,0.03354253408034114,
fg3a_rate,2,2025,marcel_naive,298,0.09449956199675269,0.007667333519023935,
fg3a_rate,2,2025,hybrid,298,0.09430271599558106,0.007471766457984026,0.802013422818792
fg3a_rate,2,2026,persistence,294,0.10369379097866784,0.022021585785882234,
fg3a_rate,2,2026,marcel_naive,294,0.1005498276219124,0.0008608686898720204,
fg3a_rate,2,2026,hybrid,294,0.10068567625490209,0.000792135182194587,0.7687074829931972
fg3a_rate,3,2023,persistence,251,0.11333546538627874,0.02054566301563834,
fg3a_rate,3,2023,marcel_naive,251,0.11196925103569777,-0.014533269505629094,
fg3a_rate,3,2023,hybrid,251,0.11216382665652701,-0.01478308269481598,
fg3a_rate,3,2024,persistence,263,0.11345739484612569,0.010403739945745082,
fg3a_rate,3,2024,marcel_naive,263,0.10951446678250626,-0.025243677613783946,
fg3a_rate,3,2024,hybrid,263,0.1097219220226772,-0.025425059468859385,0.7870722433460076
fg3a_rate,3,2025,persistence,265,0.1179653349253985,0.04211033186651998,
fg3a_rate,3,2025,marcel_naive,265,0.10367186332344619,-0.0019054302522106973,
fg3a_rate,3,2025,hybrid,265,0.10351313471834847,-0.0021106355022369426,0.7509433962264151
fg3a_rate,3,2026,persistence,255,0.11785333974631745,0.03530842730362641,
fg3a_rate,3,2026,marcel_naive,255,0.11311950444909072,-0.004854405239067731,
fg3a_rate,3,2026,hybrid,255,0.11331596983837908,-0.005055866387958876,0.7411764705882353
ft_pct,1,2023,persistence,347,0.07401977672390618,0.007117715377900309,
ft_pct,1,2023,marcel_naive,347,0.057127282588678746,0.002503296394244122,
ft_pct,1,2023,hybrid,347,0.05721916358444286,0.0017846539731640684,
ft_pct,1,2024,persistence,343,0.06563830975819229,0.0027862390356752473,
ft_pct,1,2024,marcel_naive,343,0.05517411470324048,-0.0004198963893054571,
ft_pct,1,2024,hybrid,343,0.055147937036359014,-0.001087358548188331,0.8309037900874635
ft_pct,1,2025,persistence,346,0.07223160306673565,0.0026829432011035623,
ft_pct,1,2025,marcel_naive,346,0.06264397079492375,-0.0008001405933735165,
ft_pct,1,2025,hybrid,346,0.06273690371838983,-0.0014197080427951255,0.7976878612716763
ft_pct,1,2026,persistence,357,0.07491252650488116,0.002484484976969789,
ft_pct,1,2026,marcel_naive,357,0.06056756005375525,-0.0016745179519066838,
ft_pct,1,2026,hybrid,357,0.06056438752324568,-0.002280320491833243,0.803921568627451
ft_pct,2,2023,persistence,300,0.07698006494767166,0.004217675079882302,
ft_pct,2,2023,marcel_naive,300,0.06163180064471674,0.001181208339023958,
ft_pct,2,2023,hybrid,300,0.061746957132774144,-0.00017758698932028144,
ft_pct,2,2024,persistence,306,0.07461134358263215,0.005190788731193905,
ft_pct,2,2024,marcel_naive,306,0.05747868995262832,-0.0010027604326433997,
ft_pct,2,2024,hybrid,306,0.05753234822174788,-0.0024308999778912006,0.7908496732026143
ft_pct,2,2025,persistence,298,0.07492644695213353,0.00427913364424868,
ft_pct,2,2025,marcel_naive,298,0.06135578631491014,-0.0011438322170960172,
ft_pct,2,2025,hybrid,298,0.0614991214736771,-0.0023762664365412707,0.7651006711409396
ft_pct,2,2026,persistence,294,0.07118002573020794,0.00175648844469886,
ft_pct,2,2026,marcel_naive,294,0.058378787718742484,-0.003025170544092037,
ft_pct,2,2026,hybrid,294,0.05842768466092395,-0.004290149685442033,0.782312925170068
ft_pct,3,2023,persistence,251,0.07481966245742547,0.013037340568043032,
ft_pct,3,2023,marcel_naive,251,0.06428715138361245,0.005773107192672864,
ft_pct,3,2023,hybrid,251,0.0643343036547779,0.0036371299929035547,
ft_pct,3,2024,persistence,263,0.07519561717269739,0.0050711130113718535,
ft_pct,3,2024,marcel_naive,263,0.06073139540614273,0.0010014921975626389,
ft_pct,3,2024,hybrid,263,0.060703450208858034,-0.0010212319042491578,0.8174904942965779
ft_pct,3,2025,persistence,265,0.0794939776465113,0.005260551566841502,
ft_pct,3,2025,marcel_naive,265,0.06298337628628987,-0.0014833371452626443,
ft_pct,3,2025,hybrid,265,0.06329175846364539,-0.003500945175479334,0.7547169811320755
ft_pct,3,2026,persistence,255,0.07463590302250936,0.00574205962581427,
ft_pct,3,2026,marcel_naive,255,0.06000536535826579,-0.00018115695100520246,
ft_pct,3,2026,hybrid,255,0.06003471390976587,-0.0020613477240478233,0.796078431372549
mp,1,2023,persistence,347,593.7269477296883,142.76701942790197,
mp,1,2023,marcel_naive,347,562.231842008229,288.00679056100114,
mp,1,2023,hybrid,347,532.9918702643496,226.96045844726464,
mp,1,2024,persistence,343,527.1232276214688,66.82479178946502,
mp,1,2024,marcel_naive,343,533.2639364355618,211.02107857830808,
mp,1,2024,hybrid,343,509.8163224372979,148.76989611812343,0.8017492711370262
mp,1,2025,persistence,346,574.3334621141883,28.188963882527823,
mp,1,2025,marcel_naive,346,516.8476585115853,123.82598069271187,
mp,1,2025,hybrid,346,505.40999675535784,61.824387967462194,0.791907514450867
mp,1,2026,persistence,357,652.1463415099154,108.23251261063861,
mp,1,2026,marcel_naive,357,587.4601655907045,143.64262163386155,
mp,1,2026,hybrid,357,576.6491337515637,83.35320295150878,0.7703081232492998
mp,2,2023,persistence,300,677.1309309961958,327.3428391275687,
mp,2,2023,marcel_naive,300,644.7901441536109,377.3257735234678,
mp,2,2023,hybrid,300,578.4021574271894,254.2910959850548,
mp,2,2024,persistence,306,670.9380742347292,141.93655729376522,
mp,2,2024,marcel_naive,306,675.9866106009431,342.13684499971964,
mp,2,2024,hybrid,306,615.134936407832,217.59486637972748,0.7745098039215687
mp,2,2025,persistence,298,628.0299675754653,33.67766234944541,
mp,2,2025,marcel_naive,298,614.3851589828528,225.71235078798335,
mp,2,2025,hybrid,298,571.1795815213744,100.20008191651921,0.7919463087248322
mp,2,2026,persistence,294,703.1430474760484,0.14202613016185744,
mp,2,2026,marcel_naive,294,631.876780116829,134.1200080945733,
mp,2,2026,hybrid,294,614.9808161615389,12.141989763189182,0.7687074829931972
mp,3,2023,persistence,251,696.5909795944699,290.83568810778166,
mp,3,2023,marcel_naive,251,682.1802081684388,362.86255021719137,
mp,3,2023,hybrid,251,595.8021047720665,175.35982008968602,
mp,3,2024,persistence,263,727.8842858054444,341.7172105884438,
mp,3,2024,marcel_naive,263,768.6944818185746,474.8046915249929,
mp,3,2024,hybrid,263,657.2329818885585,286.3979583268725,0.7452471482889734
mp,3,2025,persistence,265,703.3403059592415,102.80345210446971,
mp,3,2025,marcel_naive,265,708.4781968033675,352.11063419572395,
mp,3,2025,hybrid,265,616.0093547367132,164.45809608305854,0.8188679245283019
mp,3,2026,persistence,255,776.2063935340329,-9.523321342595398,
mp,3,2026,marcel_naive,255,714.2670008306068,213.7109711309138,
mp,3,2026,hybrid,255,667.3165400858232,27.254897300475253,0.7803921568627451
rim_fg_pct,1,2023,persistence,347,0.07193432446357843,0.007110467278843344,
rim_fg_pct,1,2023,marcel_naive,347,0.06083822621028226,0.00938938751462646,
rim_fg_pct,1,2023,hybrid,347,0.06077058314188053,0.008479152517830367,
rim_fg_pct,1,2024,persistence,343,0.07119007034621863,0.0009371276223926536,
rim_fg_pct,1,2024,marcel_naive,343,0.05740219564964433,0.002265499187665882,
rim_fg_pct,1,2024,hybrid,343,0.05722370668474764,0.0011174367506418315,0.8046647230320699
rim_fg_pct,1,2025,persistence,346,0.06764201187711368,0.004257893710221871,
rim_fg_pct,1,2025,marcel_naive,346,0.05659190060188619,0.0013363839135143922,
rim_fg_pct,1,2025,hybrid,346,0.05652699784475158,0.0002990476612223822,0.8410404624277457
rim_fg_pct,1,2026,persistence,357,0.0671404227148654,0.007365106221021654,
rim_fg_pct,1,2026,marcel_naive,357,0.05844269140690311,0.0027233984653438326,
rim_fg_pct,1,2026,hybrid,357,0.058567118640654746,0.0017227997899783945,0.8067226890756303
rim_fg_pct,2,2023,persistence,300,0.08185688290264305,0.01814194812796521,
rim_fg_pct,2,2023,marcel_naive,300,0.06336122873416962,0.017696499990978422,
rim_fg_pct,2,2023,hybrid,300,0.06291693382891143,0.015836851509691222,
rim_fg_pct,2,2024,persistence,306,0.06765607115973532,0.0073713300288835056,
rim_fg_pct,2,2024,marcel_naive,306,0.060335882321949016,0.009911436223753739,
rim_fg_pct,2,2024,hybrid,306,0.0597584188516691,0.0078118908662266635,0.7777777777777778
rim_fg_pct,2,2025,persistence,298,0.0788059983922974,0.003666481341574005,
rim_fg_pct,2,2025,marcel_naive,298,0.06164406693223293,0.0024653930608972328,
rim_fg_pct,2,2025,hybrid,298,0.06129407330793507,0.00022804793623698526,0.7516778523489933
rim_fg_pct,2,2026,persistence,294,0.0784131526498875,0.008218065369513401,
rim_fg_pct,2,2026,marcel_naive,294,0.06241100330380762,0.003630631523289139,
rim_fg_pct,2,2026,hybrid,294,0.06252891283645762,0.001606904249431933,0.7585034013605442
rim_fg_pct,3,2023,persistence,251,0.07944248340840192,0.02682455960490242,
rim_fg_pct,3,2023,marcel_naive,251,0.06460366339675763,0.024630092450588198,
rim_fg_pct,3,2023,hybrid,251,0.06376946640725303,0.021731777620320747,
rim_fg_pct,3,2024,persistence,263,0.08714361939878681,0.019179974687752614,
rim_fg_pct,3,2024,marcel_naive,263,0.06835720051363134,0.01963192750125388,
rim_fg_pct,3,2024,hybrid,263,0.06718745421346117,0.01654858997942797,0.7262357414448669
rim_fg_pct,3,2025,persistence,265,0.07241766727320269,0.008922270670519728,
rim_fg_pct,3,2025,marcel_naive,265,0.06392993043419509,0.008817219673147607,
rim_fg_pct,3,2025,hybrid,265,0.06325552035626336,0.005598714159188121,0.7735849056603774
rim_fg_pct,3,2026,persistence,255,0.07283686576352147,0.0065502052583262926,
rim_fg_pct,3,2026,marcel_naive,255,0.05918518809287309,0.003285123129347893,
rim_fg_pct,3,2026,hybrid,255,0.05922527881585171,6.887032698892191e-05,0.7607843137254902
rim_share,1,2023,persistence,347,0.06183619871452481,-0.0023657250696045725,
rim_share,1,2023,marcel_naive,347,0.0689166262148225,0.005340897687569513,
rim_share,1,2023,hybrid,347,0.0688766011062692,0.004878110818520651,
rim_share,1,2024,persistence,343,0.06374136164473033,-0.004299619976004466,
rim_share,1,2024,marcel_naive,343,0.06729074405781117,0.006707861437648734,
rim_share,1,2024,hybrid,343,0.06725522787953907,0.006349584253054509,0.7959183673469388
rim_share,1,2025,persistence,346,0.06899394854551645,-0.023376338449916833,
rim_share,1,2025,marcel_naive,346,0.06280869605140414,-0.013168420660263217,
rim_share,1,2025,hybrid,346,0.06285001903760909,-0.013561409396431474,0.7976878612716763
rim_share,1,2026,persistence,357,0.06729517102145473,-0.0035576389551928945,
rim_share,1,2026,marcel_naive,357,0.0733219461302133,0.0011257954017783332,
rim_share,1,2026,hybrid,357,0.07328031106175663,0.0007879870798342004,0.7871148459383753
rim_share,2,2023,persistence,300,0.0868784536874107,-0.011197270648019729,
rim_share,2,2023,marcel_naive,300,0.08172080100547045,-0.0009878837463837755,
rim_share,2,2023,hybrid,300,0.08168928097928145,-0.0018544303342361852,
rim_share,2,2024,persistence,306,0.07790294679611473,-0.00529779196200594,
rim_share,2,2024,marcel_naive,306,0.08031405488114826,0.010881692844714259,
rim_share,2,2024,hybrid,306,0.08016704786395287,0.009989137959654395,0.8071895424836601
rim_share,2,2025,persistence,298,0.0813461219859091,-0.03005092346816673,
rim_share,2,2025,marcel_naive,298,0.07376142908698527,-0.009232050410943965,
rim_share,2,2025,hybrid,298,0.07385916307929764,-0.009985630278024224,0.7751677852348994
rim_share,2,2026,persistence,294,0.08696037642548356,-0.025967001161850783,
rim_share,2,2026,marcel_naive,294,0.08301386214024929,-0.004842115657814946,
rim_share,2,2026,hybrid,294,0.08293889525619398,-0.0055671660632687124,0.7789115646258503
rim_share,3,2023,persistence,251,0.09960519492468879,-0.041284085524868994,
rim_share,3,2023,marcel_naive,251,0.0885720057656709,-0.01523599097488889,
rim_share,3,2023,hybrid,251,0.08876499446483346,-0.016396540918481323,
rim_share,3,2024,persistence,263,0.09949080368781954,-0.012973073716916871,
rim_share,3,2024,marcel_naive,263,0.09246403857091803,0.00542282316217149,
rim_share,3,2024,hybrid,263,0.09237114061862983,0.004145689007567431,0.8326996197718631
rim_share,3,2025,persistence,265,0.08631678369138038,-0.03342656100629113,
rim_share,3,2025,marcel_naive,265,0.07560899480898577,-0.008209473737790265,
rim_share,3,2025,hybrid,265,0.07573122135228195,-0.009526971895187149,0.7924528301886793
rim_share,3,2026,persistence,255,0.09845281094187272,-0.03308337236291006,
rim_share,3,2026,marcel_naive,255,0.09263429130831712,-0.002409026923523134,
rim_share,3,2026,hybrid,255,0.09263100763568809,-0.0034760227940030175,0.7490196078431373
shotmaking,1,2023,persistence,347,0.03762652199671528,0.00016470001458481092,
shotmaking,1,2023,marcel_naive,347,0.03064131319382834,-0.0007392827854664036,
shotmaking,1,2023,hybrid,347,0.030706136551189728,-0.0018313380996326134,
shotmaking,1,2024,persistence,343,0.035810062663642485,0.0005785546327901778,
shotmaking,1,2024,marcel_naive,343,0.030766384642378044,-0.0010490958728451992,
shotmaking,1,2024,hybrid,343,0.030902750320292233,-0.0022821375595405437,0.7871720116618076
shotmaking,1,2025,persistence,346,0.03253321327922422,0.0026315720584404343,
shotmaking,1,2025,marcel_naive,346,0.028069806317126366,0.0006531751114874663,
shotmaking,1,2025,hybrid,346,0.028077936251087482,-0.0005425202539469584,0.8410404624277457
shotmaking,1,2026,persistence,357,0.03752186612380835,0.004127458947940301,
shotmaking,1,2026,marcel_naive,357,0.032616882317020444,0.002445604288505599,
shotmaking,1,2026,hybrid,357,0.03257764689984355,0.0012878387645076511,0.8011204481792717
shotmaking,2,2023,persistence,300,0.03520454102340654,0.002016408537730361,
shotmaking,2,2023,marcel_naive,300,0.030412605095966723,0.001062856986342154,
shotmaking,2,2023,hybrid,300,0.030401907307914304,-0.0011165676775590164,
shotmaking,2,2024,persistence,306,0.039741672895747954,-0.0003922050182794158,
shotmaking,2,2024,marcel_naive,306,0.032656685239092834,-0.0012793657904408434,
shotmaking,2,2024,hybrid,306,0.032906877966461454,-0.0035390449078755736,0.7810457516339869
shotmaking,2,2025,persistence,298,0.037897819505813404,0.0035510723556857887,
shotmaking,2,2025,marcel_naive,298,0.02999398724975718,0.002010172656973543,
shotmaking,2,2025,hybrid,298,0.030020276870670742,-0.00044532351998722577,0.7986577181208053
shotmaking,2,2026,persistence,294,0.037960409719447114,0.004468059223332843,
shotmaking,2,2026,marcel_naive,294,0.032651431454259604,0.002534484919821902,
shotmaking,2,2026,hybrid,294,0.032572685475528336,0.00021281593569351834,0.7857142857142857
shotmaking,3,2023,persistence,251,0.04177419822240064,0.007414487647330556,
shotmaking,3,2023,marcel_naive,251,0.03253559829912462,0.004345293822020783,
shotmaking,3,2023,hybrid,251,0.03217943547128142,0.0010316541347892335,
shotmaking,3,2024,persistence,263,0.037126462497944684,-0.00014959130717139983,
shotmaking,3,2024,marcel_naive,263,0.03281699922614989,-7.982449993970014e-05,
shotmaking,3,2024,hybrid,263,0.032984729514085195,-0.003416591938272713,0.8022813688212928
shotmaking,3,2025,persistence,265,0.039700583595487046,0.0026620770463079845,
shotmaking,3,2025,marcel_naive,265,0.0317621906895378,0.0012134094831782103,
shotmaking,3,2025,hybrid,265,0.031926333106826625,-0.002198607609196046,0.769811320754717
shotmaking,3,2026,persistence,255,0.0390865112246123,0.004172915000661291,
shotmaking,3,2026,marcel_naive,255,0.03261540169215082,0.002816993135836704,
shotmaking,3,2026,hybrid,255,0.03247346260004593,-0.0007751241555080297,0.7686274509803922
stl_pct,1,2023,persistence,347,0.3897090987968503,-0.09189475739529433,
stl_pct,1,2023,marcel_naive,347,0.31775134320860127,-0.05310191497136255,
stl_pct,1,2023,hybrid,347,0.31821488237641193,-0.05465478398984988,
stl_pct,1,2024,persistence,343,0.3701157806612458,0.0643035203393249,
stl_pct,1,2024,marcel_naive,343,0.3337872281283868,0.050238400591756854,
stl_pct,1,2024,hybrid,343,0.33308509271726217,0.04829349130028318,0.7346938775510204
stl_pct,1,2025,persistence,346,0.4290234334206101,0.16121690570889077,
stl_pct,1,2025,marcel_naive,346,0.40670435920987,0.1925291550408088,
stl_pct,1,2025,hybrid,346,0.4065509762659382,0.19149699408282136,0.7312138728323699
stl_pct,1,2026,persistence,357,0.4437015808115885,-0.01337200528771573,
stl_pct,1,2026,marcel_naive,357,0.40455212611433494,0.09774155161024921,
stl_pct,1,2026,hybrid,357,0.4042469432070814,0.09561691388234352,0.7619047619047619
stl_pct,2,2023,persistence,300,0.4252138265799357,-0.054022086365670685,
stl_pct,2,2023,marcel_naive,300,0.354102239706898,-0.01377099079694723,
stl_pct,2,2023,hybrid,300,0.35525488565962865,-0.017300683889283908,
stl_pct,2,2024,persistence,306,0.46558074881460243,-0.04548179843385945,
stl_pct,2,2024,marcel_naive,306,0.364151797633212,0.022250070476585473,
stl_pct,2,2024,hybrid,306,0.3640445745812237,0.01821069160165056,0.7581699346405228
stl_pct,2,2025,persistence,298,0.4608784207672095,0.21026924036564065,
stl_pct,2,2025,marcel_naive,298,0.45172174287469435,0.22754583793386168,
stl_pct,2,2025,hybrid,298,0.4507682043102169,0.225188490267754,0.7550335570469798
stl_pct,2,2026,persistence,294,0.4881279246108417,0.13500775372166654,
stl_pct,2,2026,marcel_naive,294,0.46490802218921085,0.20165366346970398,
stl_pct,2,2026,hybrid,294,0.4636330122411251,0.19803853114049538,0.782312925170068
stl_pct,3,2023,persistence,251,0.4359590389177653,-0.07212273285717259,
stl_pct,3,2023,marcel_naive,251,0.371170333848752,-0.01596586290001543,
stl_pct,3,2023,hybrid,251,0.37249995320721224,-0.02195672906514944,
stl_pct,3,2024,persistence,263,0.41179354256983786,-0.002457692893204669,
stl_pct,3,2024,marcel_naive,263,0.35865587656794046,0.06241200704004935,
stl_pct,3,2024,hybrid,263,0.35859886008136027,0.05594586141112066,0.7870722433460076
stl_pct,3,2025,persistence,265,0.4569332774111602,0.10754874098520963,
stl_pct,3,2025,marcel_naive,265,0.42345477915337515,0.1903703074406819,
stl_pct,3,2025,hybrid,265,0.4217431009163447,0.18530411825432103,0.6981132075471698
stl_pct,3,2026,persistence,255,0.4791431587468779,0.2114766786574046,
stl_pct,3,2026,marcel_naive,255,0.4890301525765304,0.2541752019447276,
stl_pct,3,2026,hybrid,255,0.48644974497326915,0.24861710037475632,0.7411764705882353
tov_pct,1,2023,persistence,347,2.3008004753338978,0.1970266523479449,
tov_pct,1,2023,marcel_naive,347,1.9722189408130908,0.2685920060381978,
tov_pct,1,2023,hybrid,347,1.976986686200235,0.3068381473694912,
tov_pct,1,2024,persistence,343,2.2958116824301213,-0.37853174610945417,
tov_pct,1,2024,marcel_naive,343,2.0507877714369736,-0.16720012976273854,
tov_pct,1,2024,hybrid,343,2.0486393046734137,-0.13317895877890465,0.7434402332361516
tov_pct,1,2025,persistence,346,2.14148851093466,0.2134944357398257,
tov_pct,1,2025,marcel_naive,346,2.0222474694195207,0.18841098714995982,
tov_pct,1,2025,hybrid,346,2.026759057456266,0.22859936264662606,0.8179190751445087
tov_pct,1,2026,persistence,357,2.4281067030847443,-0.026457693244077964,
tov_pct,1,2026,marcel_naive,357,2.046334881555946,0.16934193246956705,
tov_pct,1,2026,hybrid,357,2.0477419247549493,0.20265289856601168,0.834733893557423
tov_pct,2,2023,persistence,300,2.56178089073767,0.25010659570574734,
tov_pct,2,2023,marcel_naive,300,2.2201448942715825,0.2984508519134326,
tov_pct,2,2023,hybrid,300,2.229910754913261,0.37134316784500027,
tov_pct,2,2024,persistence,306,2.6328072613598312,-0.11304482069968293,
tov_pct,2,2024,marcel_naive,306,2.225950801779732,0.05489475540631812,
tov_pct,2,2024,hybrid,306,2.2263658823648096,0.13150080949028273,0.7124183006535948
tov_pct,2,2025,persistence,298,2.579364287206108,-0.26801710254723604,
tov_pct,2,2025,marcel_naive,298,2.382626550343784,0.015000240166097044,
tov_pct,2,2025,hybrid,298,2.3842566694101675,0.0885517926948511,0.7550335570469798
tov_pct,2,2026,persistence,294,2.3833902659936874,0.25518396813184446,
tov_pct,2,2026,marcel_naive,294,2.120786534150576,0.31684319360922103,
tov_pct,2,2026,hybrid,294,2.128576389787748,0.3910872591384719,0.826530612244898
tov_pct,3,2023,persistence,251,2.781186792355164,-0.25245429273473136,
tov_pct,3,2023,marcel_naive,251,2.459568158840699,0.07049780597456284,
tov_pct,3,2023,hybrid,251,2.462572165899836,0.17202371895556096,
tov_pct,3,2024,persistence,263,2.663015706623667,0.014243787761947223,
tov_pct,3,2024,marcel_naive,263,2.353586724967368,0.06633218050737791,
tov_pct,3,2024,hybrid,263,2.3510618524964153,0.1785883168477578,0.7908745247148289
tov_pct,3,2025,persistence,265,2.798842112168265,-0.025200413559874416,
tov_pct,3,2025,marcel_naive,265,2.53713863400151,0.23782284901210587,
tov_pct,3,2025,hybrid,265,2.5420910465692526,0.35743536796793196,0.7283018867924528
tov_pct,3,2026,persistence,255,2.557859161382816,-0.1745307912234408,
tov_pct,3,2026,marcel_naive,255,2.360310735904382,0.17820916002727655,
tov_pct,3,2026,hybrid,255,2.363442348576256,0.28582858673929323,0.788235294117647
xfg_pct,1,2023,persistence,347,0.02302235393156602,0.010585538509144506,
xfg_pct,1,2023,marcel_naive,347,0.026199664463116605,0.012709046507046053,
xfg_pct,1,2023,hybrid,347,0.026138003085410203,0.012566369611669409,
xfg_pct,1,2024,persistence,343,0.020241194320084293,-0.0010471069775055272,
xfg_pct,1,2024,marcel_naive,343,0.021896391650042476,0.0048776542351839,
xfg_pct,1,2024,hybrid,343,0.0218669455566103,0.004767608144288181,0.7376093294460642
xfg_pct,1,2025,persistence,346,0.02293430251195083,-0.00867368518959627,
xfg_pct,1,2025,marcel_naive,346,0.02081050859927629,-0.005779427151888981,
xfg_pct,1,2025,hybrid,346,0.020841166758927266,-0.005911217490924101,0.6820809248554913
xfg_pct,1,2026,persistence,357,0.0220848894775317,0.0008985590244440331,
xfg_pct,1,2026,marcel_naive,357,0.02430831420600935,-0.00044517253423560516,
xfg_pct,1,2026,hybrid,357,0.024304885132688074,-0.0005464047586833584,0.7591036414565826
xfg_pct,2,2023,persistence,300,0.027083416674701415,0.006751027297709983,
xfg_pct,2,2023,marcel_naive,300,0.029125621624102694,0.011997704746399511,
xfg_pct,2,2023,hybrid,300,0.0290166027361049,0.011727029612871536,
xfg_pct,2,2024,persistence,306,0.027496320060918008,0.009876021508310639,
xfg_pct,2,2024,marcel_naive,306,0.028670888575365223,0.013044388512836114,
xfg_pct,2,2024,hybrid,306,0.02854460365733595,0.01277522718567605,0.8137254901960784
xfg_pct,2,2025,persistence,298,0.026639391115401995,-0.010279808650347876,
xfg_pct,2,2025,marcel_naive,298,0.023909191165031103,-0.0036789432180555958,
xfg_pct,2,2025,hybrid,298,0.023946814083336425,-0.003920578979304033,0.6912751677852349
xfg_pct,2,2026,persistence,294,0.028567618637264106,-0.007766081486083863,
xfg_pct,2,2026,marcel_naive,294,0.027846889287692172,-0.0035848719616940468,
xfg_pct,2,2026,hybrid,294,0.027869289933388698,-0.003814756821491217,0.7244897959183674
xfg_pct,3,2023,persistence,251,0.030825191101596292,0.010286622273073344,
xfg_pct,3,2023,marcel_naive,251,0.03239937425289662,0.015225602593519624,
xfg_pct,3,2023,hybrid,251,0.032251724363066975,0.014886433463509782,
xfg_pct,3,2024,persistence,263,0.030793543646210227,0.006714688056832684,
xfg_pct,3,2024,marcel_naive,263,0.03187991740968066,0.012976837400872172,
xfg_pct,3,2024,hybrid,263,0.03171978456918889,0.012581670092420744,0.8250950570342205
xfg_pct,3,2025,persistence,265,0.026294179086963514,-0.0006803228868266329,
xfg_pct,3,2025,marcel_naive,265,0.024424851525728004,0.0037907241863866276,
xfg_pct,3,2025,hybrid,265,0.02435199129515908,0.003382711103896862,0.7471698113207547
xfg_pct,3,2026,persistence,255,0.03219332705561421,-0.0095953889906339,
xfg_pct,3,2026,marcel_naive,255,0.031094398707186235,-0.0021785248726871884,
xfg_pct,3,2026,hybrid,255,0.031134465212109302,-0.0025230653755430638,0.6862745098039216
