slug,player,team,age_2027,bpm_2026,mp_last,bpm_proj_2027,bpm_proj_2028,bpm_proj_2029,salary_2027,salary_2028,salary_2029,guaranteed,bpm_change_by_2029,salary_2027_2029
tatumja01,Jayson Tatum,BOS,28,4.8,522,4.754660828710425,4.4444998681561865,4.340380553519741,58456566.0,62786682.0,67116798.0,188360046.0,-0.459619446480259,188360046.0
embiijo01,Joel Embiid,PHI,32,4.9,1201,5.972062762707527,5.594218945262676,5.084013089139041,58100000.0,62748000.0,67396000.0,120848000.0,0.18401308913904035,188244000.0
brownja02,Jaylen Brown,BOS,30,3.3,2443,1.4436816158660912,1.0175494283249806,0.8940711284701428,57078728.0,61015192.0,64951656.0,183045576.0,-2.405928871529857,183045576.0
bookede01,Devin Booker,PHO,30,2.2,2146,1.5331546145469477,1.107022427005837,0.983544127150999,57078728.0,61015192.0,64065952.0,182159872.0,-1.2164558728490011,182159872.0
curryst01,Stephen Curry,GSW,38,5.4,1329,4.758803794133512,4.540448316480542,3.6560780590420663,62587158.0,55700000.0,60156000.0,118287158.0,-1.743921940957934,178443158.0
mitchdo01,Donovan Mitchell,CLE,30,5.1,2342,4.439774006030052,4.013641818488941,3.890163518634103,50105628.0,60911900.0,65784852.0,247460184.0,-1.2098364813658966,176802380.0
gilgesh01,Shai Gilgeous-Alexander,OKC,28,11.7,2259,10.38614125694014,10.0759802963859,9.971860981749456,40806150.0,61005000.0,65885400.0,238462350.0,-1.728139018250543,167696550.0
leonaka01,Kawhi Leonard,LAC,35,8.0,2085,5.410443077473102,5.089332245408658,4.406746637109034,50300000.0,56097561.0,58902439.0,106397561.0,-3.593253362890966,165300000.0
murraja01,Jamal Murray,DEN,29,4.1,2652,2.5335543847542494,2.429435070117804,2.003302882576693,50105628.0,53817156.0,57528684.0,161451468.0,-2.0966971174233064,161451468.0
mobleev01,Evan Mobley,CLE,25,3.0,2074,3.621553274116402,3.6527744947888863,3.60601479509,50105628.0,53817156.0,57528684.0,222691680.0,0.6060147950900001,161451468.0
cunnica01,Cade Cunningham,DET,25,6.3,2172,4.0897950571621,4.121016277834584,4.074256578135698,50105628.0,53817156.0,57528684.0,222691680.0,-2.225743421864302,161451468.0
foxde01,De'Aaron Fox,SAS,29,2.2,2231,1.3764164527389378,1.272297138102492,0.8461649505613816,49800000.0,53784000.0,57768000.0,223104000.0,-1.3538350494386187,161352000.0
doncilu01,Luka Dončić,LAL,27,9.3,2289,8.29431036925954,8.252401195431752,7.942240234877513,49800000.0,53784000.0,57768000.0,103584000.0,-1.3577597651224877,161352000.0
adebaba01,Bam Adebayo,MIA,29,2.0,2365,1.6956163240319777,1.5914970093955318,1.1653648218544213,49800000.0,53784000.0,57768000.0,103584000.0,-0.8346351781455787,161352000.0
edwaran01,Anthony Edwards,MIN,25,4.5,2137,4.170481366627946,4.201702587300431,4.154942887601544,48924624.0,52298736.0,55672848.0,156896208.0,-0.3450571123984556,156896208.0
youngtr01,Trae Young,2TM,28,2.8,384,1.2558084931194604,0.9456475325652218,0.8415282179287762,49488300.0,50478066.0,54437130.0,154403496.0,-1.9584717820712236,154403496.0
jacksja02,Jaren Jackson Jr.,2TM,27,-0.6,1454,0.7315996086850673,0.6896904348572788,0.3795294743030401,49000000.0,50500000.0,52000000.0,151500000.0,0.97952947430304,151500000.0
markkla01,Lauri Markkanen,UTA,29,2.6,1443,1.5280530422966638,1.4239337276602182,0.9978015401191076,46113154.0,49824681.0,53536209.0,149474044.0,-1.6021984598808925,149474044.0
anunoog01,OG Anunoby,NYK,29,2.0,2224,0.6332642168064335,0.5291449021699879,0.1030127146288774,42500000.0,45431034.0,48362068.0,87931034.0,-1.8969872853711225,136293102.0
wagnefr01,Franz Wagner,ORL,25,2.5,1019,2.3952372814380833,2.4264585021105676,2.379698802411681,41754690.0,44847630.0,47940570.0,185576400.0,-0.12030119758831903,134542890.0
barnesc01,Scottie Barnes,TOR,25,4.2,2681,3.630029148984096,3.66125036965658,3.6144906699576937,41754690.0,44847630.0,47940570.0,185576400.0,-0.5855093300423064,134542890.0
banchpa01,Paolo Banchero,ORL,24,1.4,2502,2.075231141898601,2.3260133758003354,2.3572345964728196,41500000.0,44820000.0,48140000.0,185920000.0,0.9572345964728197,134460000.0
holmgch01,Chet Holmgren,OKC,24,4.2,1997,3.696681134488795,3.9474633683905296,3.9786845890630143,41500000.0,44820000.0,48140000.0,240700000.0,-0.22131541093698592,134460000.0
willija06,Jalen Williams,OKC,25,2.1,936,3.0638314366375443,3.0950526573100285,3.048292957611142,41500000.0,44820000.0,48140000.0,240700000.0,0.9482929576111419,134460000.0
reaveau01,Austin Reaves,LAL,28,2.8,1762,1.6291400734949435,1.318979112940705,1.2148597983042593,41240250.0,44539470.0,47838690.0,133618410.0,-1.5851402016957405,133618410.0
maxeyty01,Tyrese Maxey,PHI,26,5.4,2661,3.7132911817942857,3.6665314820953983,3.62462230826761,40770520.0,43582280.0,46394040.0,130746840.0,-1.7753776917323902,130746840.0
ballla01,LaMelo Ball,CHO,25,4.7,2017,4.007415651076204,4.038636871748688,3.9918771720498016,40770520.0,43582280.0,46394040.0,130746840.0,-0.7081228279501985,130746840.0
banede01,Desmond Bane,ORL,28,1.4,2756,2.0660882444526165,1.755927283898378,1.6518079692619323,39446090.0,42166510.0,44886930.0,126499530.0,0.2518079692619324,126499530.0
jokicni01,Nikola Jokić,DEN,31,14.2,2265,12.578104885634298,12.45462658577946,12.07678276833461,59033114.0,62841702.0,,59033114.0,-2.1232172316653894,121874816.0
brunsja01,Jalen Brunson,NYK,30,3.1,2590,3.6151921368405,3.189059949299389,3.0655816494445514,37739521.0,40535041.0,43330561.0,78274562.0,-0.03441835055544873,121605123.0
antetgi01,Giannis Antetokounmpo,MIL,32,9.5,1039,8.646937202190319,8.269093384745467,7.758887528621833,58456566.0,62786682.0,,58456566.0,-1.741112471378167,121243248.0
davisan02,Anthony Davis,DAL,33,2.4,626,4.029376472738873,3.5191706166152383,3.128249824797515,58456566.0,62786682.0,,58456566.0,0.7282498247975151,121243248.0
townska01,Karl-Anthony Towns,NYK,31,3.3,2322,2.654784993961368,2.5313066941065303,2.153462876661679,57078728.0,61015192.0,,57078728.0,-1.1465371233383208,118093920.0
durenja01,Jalen Duren,DET,23,5.0,1976,3.576947749051767,3.8830015980145314,4.133783831916266,40160643.0,36947792.0,38955824.0,200000000.0,-0.8662161680837341,116064259.0
sengual01,Alperen Şengün,HOU,24,4.2,2398,4.519803483055479,4.770585716957213,4.8018069376296975,35642202.0,37339450.0,39036697.0,112018349.0,0.6018069376296973,112018349.0
georgpa01,Paul George,PHI,36,1.7,1135,1.2662608914197353,0.5836752831201117,-0.0227831070640831,54126380.0,56586670.0,,54126380.0,-1.722783107064083,110713050.0
gordoaa01,Aaron Gordon,DEN,31,1.7,1005,0.8579759677166231,0.7344976678617852,0.3566538504169338,33658037.0,36350680.0,39043323.0,70008717.0,-1.343346149583066,109052040.0
bridgmi01,Mikal Bridges,NYK,30,2.7,2692,0.6531646965795468,0.2270325090384363,0.1035542091835983,33482145.0,36160714.0,38839285.0,108482144.0,-2.596445790816402,108482144.0
wembavi01,Victor Wembanyama,SAS,23,10.7,1866,8.026741061252343,8.332794910215108,8.583577144116843,16868246.0,43500000.0,46980000.0,211748246.0,-2.1164228558831564,107348246.0
siakapa01,Pascal Siakam,IND,32,0.7,2057,1.2084606981680497,0.8306168807231982,0.320411024599563,48924624.0,52298736.0,,101223360.0,-0.37958897540043696,101223360.0
whitede01,Derrick White,BOS,32,3.2,2625,3.169368332831283,2.7915245153864316,2.2813186592627965,30348000.0,32596000.0,34844000.0,62944000.0,-0.9186813407372036,97788000.0
quickim01,Immanuel Quickley,TOR,27,2.4,2231,1.8770192279636015,1.8351100541358127,1.5249490935815742,32500000.0,32500000.0,32500000.0,97500000.0,-0.8750509064184258,97500000.0
hardeja01,James Harden,2TM,37,3.9,2438,3.234636792265493,2.628178402081298,2.409822924428327,30647619.0,32180000.0,33712381.0,62827619.0,-1.490177075571673,96540000.0
sabondo01,Domantas Sabonis,SAC,30,0.6,564,4.7099309734466,4.283798785905489,4.160320486050651,45472000.0,48608000.0,,94080000.0,3.5603204860506508,94080000.0
allenja01,Jarrett Allen,CLE,28,2.6,1519,3.1093082165910615,2.799147256036823,2.6950279414003773,28000000.0,30240000.0,32480000.0,90720000.0,0.09502794140037718,90720000.0
duranke01,Kevin Durant,HOU,38,4.5,2840,3.2216510213287224,3.0032955436757516,2.1189252862372765,43902439.0,46097561.0,,43902439.0,-2.3810747137627235,90000000.0
johnsja05,Jalen Johnson,ATL,25,4.2,2532,3.037790430732137,3.069011651404621,3.0222519517057345,30000000.0,30000000.0,30000000.0,120000000.0,-1.1777480482942657,90000000.0
suggsja01,Jalen Suggs,ORL,25,2.5,1574,1.668526272693784,1.6997474933662682,1.6529877936673816,32400000.0,29600000.0,26800000.0,88800000.0,-0.8470122063326184,88800000.0
garlada01,Darius Garland,2TM,27,-0.2,1344,0.8900833883476245,0.8481742145198359,0.5380132539655973,42166510.0,44886930.0,,87053440.0,0.7380132539655972,87053440.0
willizi01,Zion Williamson,NOP,26,2.9,1841,3.7070782800614137,3.660318580362527,3.6184094065347385,42166510.0,44886930.0,,87053440.0,0.7184094065347386,87053440.0
moranja01,Ja Morant,MEM,27,-1.5,569,1.1379940319716468,1.096084858143858,0.7859238975896194,42166510.0,44886930.0,,87053440.0,2.2859238975896194,87053440.0
murphtr02,Trey Murphy III,NOP,26,2.4,2341,1.8592755569999944,1.812515857301108,1.7706066834733196,27000000.0,29000000.0,31000000.0,87000000.0,-0.6293933165266803,87000000.0
thompam01,Amen Thompson,HOU,24,2.6,2953,3.1268886992099096,3.377670933111644,3.4088921537841284,12258609.0,35862069.0,38731034.0,220258609.0,0.8088921537841283,86851712.0
mcdanja02,Jaden McDaniels,MIN,26,-0.3,2316,-0.6341715660003897,-0.6809312656992762,-0.7228404395270649,26200001.0,28006898.0,29813790.0,84020689.0,-0.4228404395270649,84020689.0
turnemy01,Myles Turner,MIL,30,-0.9,1912,-0.0820062653133368,-0.5081384528544474,-0.6316167527092853,26584164.0,27850077.0,29115990.0,54434241.0,0.2683832472907147,83550231.0
ingrabr01,Brandon Ingram,TOR,29,0.5,2604,0.2721322190683132,0.1680129044318675,-0.2581192831092429,40000000.0,41904762.0,,40000000.0,-0.7581192831092429,81904762.0
vassede01,Devin Vassell,SAS,26,0.5,2044,-0.1026960918141979,-0.1494557915130843,-0.191364965340873,27000000.0,24652174.0,27000000.0,78652174.0,-0.691364965340873,78652174.0
murrake02,Keegan Murray,SAC,26,-3.1,793,-1.4911623701238983,-1.537922069822785,-1.5798312436505733,24137936.0,26068965.0,27999999.0,140000000.0,1.5201687563494268,78206900.0
poeltja01,Jakob Poeltl,TOR,31,1.6,1149,1.0046770689553766,0.8811987691005387,0.5033549516556874,19500000.0,27300000.0,29484000.0,76284000.0,-1.0966450483443126,76284000.0
daniedy01,Dyson Daniels,ATL,23,1.3,2520,1.7908886385808191,2.0969424875435836,2.347724721445318,25000000.0,25000000.0,25000000.0,100000000.0,1.047724721445318,75000000.0
reidna01,Naz Reid,MIN,27,0.9,2007,1.1793684465902992,1.1374592727625104,0.8272983122082718,23275862.0,25000000.0,26724138.0,75000000.0,-0.07270168779172825,75000000.0
harteis01,Isaiah Hartenstein,OKC,28,4.2,1137,3.3140606703111573,3.0038997097569187,2.899780395120473,23148148.0,25000000.0,26851852.0,48148148.0,-1.3002196048795271,75000000.0
giddejo01,Josh Giddey,CHI,24,2.7,1731,2.663960649995876,2.9147428838976106,2.945964104570095,25000000.0,25000000.0,25000000.0,75000000.0,0.24596410457009465,75000000.0
goberru01,Rudy Gobert,MIN,34,1.0,2380,0.9307231881952605,0.5398023963775374,0.218691564313094,36500000.0,38000000.0,,36500000.0,-0.781308435686906,74500000.0
whiteco01,Coby White,2TM,26,-1.3,1249,-0.8462101104007399,-0.8929698100996264,-0.9348789839274152,22839506.0,24666667.0,26493827.0,74000000.0,0.36512101607258485,74000000.0
greenja05,Jalen Green,PHO,24,-1.1,828,0.1830645316066429,0.4338467655083772,0.4650679861808615,36251166.0,36000000.0,,36251166.0,1.5650679861808616,72251166.0
holidjr01,Jrue Holiday,POR,36,1.9,1560,1.141148247920937,0.4585626396213134,-0.1478957505628815,34800000.0,37200000.0,,34800000.0,-2.0478957505628816,72000000.0
grantje01,Jerami Grant,POR,32,0.0,1695,-0.5990777386690511,-0.9769215561139024,-1.4871274122375375,34206898.0,36413790.0,,34206898.0,-1.4871274122375375,70620688.0
braunch01,Christian Braun,DEN,25,-1.2,1399,-0.3527494353837602,-0.3215282147112759,-0.3682879144101624,21551726.0,23275863.0,25000000.0,125000000.0,0.8317120855898376,69827589.0
randlju01,Julius Randle,MIN,32,1.5,2610,1.311357340746057,0.9335135233012056,0.4233076671775706,33333334.0,35802468.0,,33333334.0,-1.0766923328224294,69135802.0
smithja05,Jabari Smith Jr.,HOU,23,-0.7,2705,-0.0078073655957214,0.2982464833670433,0.5490287172687776,23643411.0,21751940.0,23643411.0,122000000.0,1.2490287172687775,69038762.0
brookdi01,Dillon Brooks,PHO,31,-2.3,1702,-2.6022954501142386,-2.7257737499690764,-3.1036175674139277,19992727.0,22530864.0,24333333.0,92992726.0,-0.8036175674139279,66856924.0
thompau01,Ausar Thompson,DET,24,3.1,1896,1.6457925631927397,1.896574797094474,1.9277960177669584,11117925.0,26724138.0,28862069.0,166117925.0,-1.1722039822330417,66704132.0
georgke01,Keyonte George,UTA,23,0.9,1786,-1.0845402806841724,-0.7784864317214075,-0.5277041978196733,6563925.0,28700000.0,29848000.0,162012383.0,-1.4277041978196734,65111925.0
sharpsh01,Shaedon Sharpe,POR,23,-1.4,1471,-0.8908472376377995,-0.5847933886750347,-0.3340111547733004,20089287.0,21696429.0,23303571.0,90000000.0,1.0659888452266995,65089287.0
watsope01,Peyton Watson,DEN,24,-1.2,1598,-1.2189946353676742,-0.96821240146594,-0.9369911807934556,20465116.0,21488372.0,22511628.0,64465116.0,0.2630088192065444,64465116.0
washipj01,P.J. Washington,DAL,28,-1.6,1736,-1.4696725991681814,-1.77983355972242,-1.8839528743588656,19813044.0,21398088.0,22983132.0,88762440.0,-0.2839528743588655,64194264.0
wiggian01,Andrew Wiggins,MIA,31,1.2,2063,-0.2369049813366239,-0.3603832811914619,-0.7382270986363132,30169644.0,16346154.0,17653846.0,46515798.0,-1.9382270986363133,64169644.0
murrade01,Dejounte Murray,NOP,30,1.4,389,0.5646898577648298,0.1385576702237193,0.0150793703688814,32785071.0,30751504.0,,32785071.0,-1.3849206296311185,63536575.0
carusal01,Alex Caruso,OKC,32,1.9,1020,2.3624601663140297,1.9846163488691784,1.4744104927455433,19550160.0,20998320.0,22446480.0,62994960.0,-0.42558950725445666,62994960.0
dosunay01,Ayo Dosunmu,2TM,27,1.0,1881,-0.2523147165526725,-0.2942238903804611,-0.6043848509346997,19310345.0,20855173.0,22400001.0,86510348.0,-1.6043848509346996,62565519.0
cartewe01,Wendell Carter Jr.,ORL,27,-0.6,2288,-0.5204189440973225,-0.5623281179251112,-0.8724890784793498,18102000.0,19550160.0,20998320.0,37652160.0,-0.2724890784793498,58650480.0
camarto01,Toumani Camara,POR,26,-1.0,2731,-0.9780991978711558,-1.0248588975700423,-1.066768071397831,18080358.0,19526786.0,20973214.0,81000000.0,-0.06676807139783092,58580358.0
joneshe01,Herbert Jones,NOP,28,-3.1,1588,-1.61190510806538,-1.9220660686196187,-2.026185383256065,14898786.0,20858300.0,22526964.0,58284050.0,1.073814616743935,58284050.0
butleji01,Jimmy Butler,GSW,37,5.5,1182,3.968305748156623,3.361847357972428,3.143491880319458,56832773.0,,,56832773.0,-2.356508119680542,56832773.0
gaffoda01,Daniel Gafford,DAL,28,0.7,1195,2.0487623911454365,1.738601430591198,1.6344821159547522,17263584.0,18126763.0,18989942.0,54380289.0,0.9344821159547523,54380289.0
willipa01,Patrick Williams,CHI,25,-4.5,1474,-3.2164521039664904,-3.185230883294006,-3.2319905829928928,18000000.0,18000000.0,18000000.0,36000000.0,1.2680094170071072,54000000.0
nesmiaa01,Aaron Nesmith,IND,27,-3.4,1335,-1.547168945846602,-1.5890781196743908,-1.8992390802286296,11000000.0,19418000.0,20971440.0,51389440.0,1.5007609197713703,51389440.0
collijo01,John Collins,LAC,29,-0.5,1872,-0.5368597826547921,-0.6409790972912377,-1.067111284832348,17000000.0,17000000.0,17000000.0,17000000.0,-0.5671112848323481,51000000.0
lavinza01,Zach LaVine,SAC,31,-1.5,1224,-0.5010661609243083,-0.6245444607791463,-1.0023882782239977,48967380.0,,,48967380.0,0.4976117217760023,48967380.0
flaggco01,Cooper Flagg,DAL,20,1.4,2344,2.5955496724889535,3.7015115290665896,4.621689547086168,14517480.0,15208680.0,19178146.0,14517480.0,3.2216895470861684,48904306.0
trentga02,Gary Trent Jr.,MIL,28,-5.4,1377,-3.0061798606222365,-3.316340821176475,-3.4204601358129207,15200000.0,16400000.0,16400000.0,64000000.0,1.9795398641870796,48000000.0
robinmi01,Mitchell Robinson,NYK,28,3.5,1175,2.2366768519493436,1.926515891395105,1.8223965767586592,15044000.0,15796200.0,16548400.0,47388600.0,-1.6776034232413408,47388600.0
jovicni01,Nikola Jović,MIA,23,-3.5,808,-0.349020325069165,-0.0429664761064002,0.207815757795334,16200000.0,14904000.0,15096000.0,62400000.0,3.707815757795334,46200000.0
easonta01,Tari Eason,HOU,25,-1.6,1549,0.8932078283320266,0.9244290490045108,0.8776693493056245,14051724.0,15175862.0,16300000.0,62951724.0,2.4776693493056245,45527586.0
alexani01,Nickeil Alexander-Walker,ATL,28,1.2,2603,0.4338144828295819,0.1236535222753433,0.0195342076388977,14403710.0,15161800.0,15919890.0,29565510.0,-1.1804657923611022,45485400.0
champju02,Julian Champagnie,SAS,25,1.4,2266,0.1518963905277309,0.1831176112002152,0.1363579115013288,13888889.0,15000000.0,16111111.0,45000000.0,-1.263642088498671,45000000.0
marshna01,Naji Marshall,DAL,29,-0.6,2184,-0.9512072379708336,-1.0553265526072793,-1.4814587401483896,9428571.0,18195600.0,17285820.0,61286031.0,-0.8814587401483897,44909991.0
claxtni01,Nic Claxton,BRK,27,0.9,1920,0.7313814001715132,0.6894722263437245,0.379311265789486,23147727.0,20943184.0,,44090911.0,-0.520688734210514,44090911.0
powelno01,Norman Powell,MIA,33,1.6,1717,0.4964009960286613,-0.0138048600949738,-0.4047256519126969,21500000.0,22575000.0,,21500000.0,-2.004725651912697,44075000.0
williro04,Robert Williams,POR,29,4.5,1008,3.127406790652804,3.0232874760163586,2.597155288475248,13968254.0,14666667.0,15365079.0,18968254.0,-1.902844711524752,44000000.0
grimequ01,Quentin Grimes,PHI,26,-1.6,2206,-0.8642204952815417,-0.910980194980428,-0.9528893688082168,13953489.0,14651163.0,15348837.0,43953489.0,0.6471106311917832,43953489.0
harpedy01,Dylan Harper,SAS,20,1.4,1558,2.534486878661947,3.640448735239583,4.560626753259163,12989040.0,13607760.0,17172994.0,12989040.0,3.1606267532591628,43769794.0
hartjo01,Josh Hart,NYK,31,3.0,1994,1.5828530737416715,1.4593747738868337,1.0815309564419824,20923760.0,22375280.0,,20923760.0,-1.9184690435580176,43299040.0
zubaciv01,Ivica Zubac,2TM,29,-0.3,1446,1.1080941935199755,1.00397487888353,0.5778426913424194,20342140.0,21790300.0,,42132440.0,0.8778426913424193,42132440.0
beysa01,Saddiq Bey,NOP,27,0.5,2246,-0.3350868250322579,-0.3769959988600465,-0.6871569594142851,6440678.0,17129630.0,18500000.0,61940678.0,-1.1871569594142852,42070308.0
monkma01,Malik Monk,SAC,28,-1.3,1364,-0.5848547333991331,-0.8950156939533715,-0.9991350085898172,20190035.0,21582451.0,,20190035.0,0.30086499141018286,41772486.0
portemi01,Michael Porter Jr.,BRK,28,3.0,1689,0.8593089237069661,0.5491479631527276,0.4450286485162819,40806150.0,,,12000000.0,-2.5549713514837182,40806150.0
nembhan01,Andrew Nembhard,IND,27,-0.8,1786,-1.5959947288054488,-1.6379039026332376,-1.948064863187476,19550160.0,20998320.0,,40548480.0,-1.148064863187476,40548480.0
kispeco01,Corey Kispert,2TM,27,-1.9,1080,-2.4623555355487308,-2.5042647093765193,-2.814425669930758,13975000.0,13050000.0,13050000.0,27025000.0,-0.914425669930758,40075000.0
finnedo01,Dorian Finney-Smith,HOU,33,-4.3,620,-2.2045271594826623,-2.7147330156062974,-3.1056538074240203,13335000.0,13335000.0,13335000.0,26670000.0,1.1943461925759795,40005000.0
porzikr01,Kristaps Porziņģis,2TM,31,1.9,769,3.267780275157609,3.144301975302771,2.7664581578579197,19512195.0,20487805.0,,19512195.0,0.8664581578579198,40000000.0
edgecvj01,VJ Edgecombe,PHI,21,-0.5,2623,0.6607726028743979,1.580950620893977,2.161033066872368,11663880.0,12219720.0,15445727.0,11663880.0,2.661033066872368,39329327.0
mamuksa01,Sandro Mamukelashvili,TOR,27,2.8,1751,2.0740161709975093,2.0321069971697208,1.7219460366154822,13000000.0,12350000.0,13000000.0,38350000.0,-1.0780539633845176,38350000.0
willima07,Mark Williams,PHO,25,2.0,1416,2.419429766702557,2.4506509873750413,2.4038912876761547,11728395.0,12666667.0,13604938.0,38000000.0,0.4038912876761547,38000000.0
allengr01,Grayson Allen,PHO,31,2.1,1467,0.6178786268058475,0.4944003269510095,0.1165565095061582,18125000.0,19375000.0,,18125000.0,-1.9834434904938418,37500000.0
knuepko01,Kon Knueppel,CHO,21,2.8,2551,3.634519645361993,4.554697663381572,5.134780109359962,10516560.0,11017560.0,13937214.0,10516560.0,2.3347801093599623,35471334.0
hausesa01,Sam Hauser,BOS,29,0.6,1934,0.4508107194072663,0.3466914047708207,-0.0794407827702897,10848215.0,11651785.0,12455356.0,34955356.0,-0.6794407827702896,34955356.0
gilleco01,Collin Gillespie,PHO,27,2.5,2282,2.2198096623048844,2.177900488477096,1.8677395279228572,10714286.0,11571429.0,12428571.0,48000000.0,-0.6322604720771428,34714286.0
mccontj01,T.J. McConnell,IND,34,2.5,963,1.42843873236026,1.037517940542537,0.7164071084780936,11000000.0,11800000.0,11800000.0,22800000.0,-1.7835928915219064,34600000.0
poolejo01,Jordan Poole,NOP,27,-3.5,933,-1.9641183485420028,-2.006027522369791,-2.31618848292403,34044642.0,,,34044642.0,1.18381151707597,34044642.0
aldamsa01,Santi Aldama,MEM,26,1.7,1198,1.648643499495951,1.6018837997970643,1.559974625969276,17007043.0,17007043.0,,17007043.0,-0.14002537403072401,34014086.0
okongon01,Onyeka Okongwu,ATL,26,0.7,2297,0.7085813203087624,0.6618216206098759,0.6199124467820872,16120000.0,16880000.0,,33000000.0,-0.08008755321791272,33000000.0
herroty01,Tyler Herro,MIA,27,2.0,1033,2.1471231532872506,2.105213979459462,1.7950530189052234,33000000.0,,,33000000.0,-0.2049469810947766,33000000.0
greenaj01,A.J. Green,MIL,27,-3.3,2270,-2.6760096362640517,-2.7179188100918403,-3.028079770646079,10044644.0,10848215.0,11651786.0,45000000.0,0.2719202293539209,32544645.0
baileac01,Ace Bailey,UTA,20,-4.4,1988,-2.5081285592632327,-1.402166702685597,-0.4819886846660179,9523080.0,9976560.0,12640302.0,9523080.0,3.9180113153339824,32139942.0
mannte01,Terance Mann,BRK,30,-3.4,1529,-2.154763472514273,-2.5808956600553836,-2.7043739599102214,15500000.0,16000000.0,,31500000.0,0.6956260400897785,31500000.0
risacza01,Zaccharie Risacher,ATL,21,-2.5,1503,-1.625063316995354,-0.7048852989757748,-0.1248028529973841,13826040.0,17434637.0,,13826040.0,2.375197147002616,31260677.0
robindu01,Duncan Robinson,DET,32,0.8,2113,-0.4756085114144316,-0.8534523288592829,-1.363658184982918,15992957.0,15151222.0,,0.0,-2.1636581849829177,31144179.0
toppiob01,Obi Toppin,IND,28,3.0,424,1.6192016510228615,1.3090406904686231,1.2049213758321775,15000000.0,16025000.0,,31025000.0,-1.7950786241678225,31025000.0
harrito02,Tobias Harris,DET,34,1.4,1746,0.2315908052644878,-0.1593299865532352,-0.4804408186176786,15044000.0,15796200.0,,30840200.0,-1.8804408186176786,30840200.0
schrode01,Dennis Schröder,2TM,33,-2.2,1697,-2.3384357361465753,-2.8486415922702104,-3.2395623840879333,14809200.0,15514400.0,,14809200.0,-1.0395623840879331,30323600.0
larsspe01,Pelle Larsson,MIA,25,-1.2,1849,-1.2513509508739906,-1.2201297302015064,-1.266889429900393,2296271.0,13392857.0,14464286.0,45689128.0,-0.06688942990039304,30153414.0
portibo01,Bobby Portis,MIL,31,0.0,1619,-0.6081278537537204,-0.7316061536085583,-1.1094499710534096,14521414.0,15597074.0,,14521414.0,-1.1094499710534096,30118488.0
stewais01,Isaiah Stewart,DET,25,0.0,1317,-0.0984172078089076,-0.0671959871364233,-0.1139556868353098,15000000.0,15000000.0,,15000000.0,-0.1139556868353098,30000000.0
kornelu01,Luke Kornet,SAS,31,3.6,1430,2.7495540976069974,2.6260757977521596,2.2482319803073083,10450000.0,9900000.0,9350000.0,13000000.0,-1.3517680196926918,29700000.0
barrerj01,RJ Barrett,TOR,26,0.2,1726,0.1134459599661212,0.0666862602672347,0.0247770864394461,29616071.0,,,29616071.0,-0.17522291356055392,29616071.0
merrisa01,Sam Merrill,CLE,30,0.1,1377,0.1336369037576185,-0.292495283783492,-0.4159735836383299,9160715.0,9839285.0,10517856.0,29517856.0,-0.5159735836383299,29517856.0
johnstr03,Tre Johnson,WAS,20,-5.0,1443,-2.8353390474162357,-1.7293771908386,-0.8091991728190209,8649600.0,9061680.0,11490211.0,8649600.0,4.190800827180979,29201491.0
thompkl01,Klay Thompson,DAL,36,-1.4,1497,-1.2102729365861022,-1.8928585448857256,-2.4993169350699205,23060317.0,5880000.0,,23060317.0,-1.0993169350699206,28940317.0
quetane01,Neemias Queta,BOS,27,2.8,1926,1.6410434156220464,1.5991342417942576,1.288973281240019,2667944.0,12500000.0,13500000.0,58667944.0,-1.5110267187599808,28667944.0
wadede01,Dean Wade,CLE,30,0.2,1318,0.094662339391928,-0.3314698481491824,-0.4549481480040204,9000000.0,9450000.0,9900000.0,30000000.0,-0.6549481480040205,28350000.0
hachiru01,Rui Hachimura,LAL,28,-2.2,1927,-1.3449928643060014,-1.65515382486024,-1.7592731394966856,14000000.0,14000000.0,,14000000.0,0.44072686050331455,28000000.0
sarral01,Alex Sarr,WAS,21,0.7,1305,-0.1638342290893633,0.7563437889302158,1.3364262349086065,12370680.0,15611798.0,,12370680.0,0.6364262349086065,27982478.0
greendr01,Draymond Green,GSW,36,-1.4,1869,-0.2475174814414015,-0.930103089741025,-1.53656147992522,27678571.0,,,27678571.0,-0.13656147992522016,27678571.0
huertke01,Kevin Huerter,2TM,28,-0.6,1549,-1.0994138277967815,-1.40957478835102,-1.5136941029874658,8333333.0,9000000.0,9666667.0,27000000.0,-0.9136941029874658,27000000.0
fearsje01,Jeremiah Fears,NOP,20,-2.7,2112,-1.036553389757353,0.069408466820283,0.989586484839862,7896240.0,8271960.0,10505389.0,7896240.0,3.6895864848398623,26673589.0
postqu01,Quinten Post,GSW,26,-1.1,1159,-0.5728203231208506,-0.6195800228197371,-0.6614891966475258,8285714.0,8700000.0,9114286.0,8285714.0,0.4385108033524743,26100000.0
moodymo01,Moses Moody,GSW,24,-0.1,1540,-0.0570287359628854,0.1937534979388488,0.2249747186113332,12500000.0,13425925.0,,25925925.0,0.3249747186113332,25925925.0
wiggiaa01,Aaron Wiggins,OKC,28,-0.9,1414,0.1661963261186623,-0.1439646344355762,-0.2480839490720219,9224300.0,8345797.0,8345797.0,17570097.0,0.6519160509279781,25915894.0
vandeja01,Jarred Vanderbilt,LAL,27,-1.5,1128,-1.259743876161112,-1.3016530499889007,-1.611814010543139,12428571.0,13285714.0,,12428571.0,-0.11181401054313911,25714285.0
sheppre01,Reed Sheppard,HOU,22,2.7,2147,2.589230457334839,3.1693129033132292,3.4753667522759946,11108880.0,14041625.0,,11108880.0,0.7753667522759944,25150505.0
avdijde01,Deni Avdija,POR,26,4.3,2199,2.1677579925654697,2.120998292866583,2.0790891190387946,13125000.0,11875000.0,,25000000.0,-2.2209108809612053,25000000.0
huntede01,De'Andre Hunter,2TM,29,-3.9,1176,-1.9773439743457628,-2.081463288982208,-2.507595476523319,24910714.0,,,24910714.0,1.392404523476681,24910714.0
adamsst01,Steven Adams,HOU,33,-0.5,730,-0.4725101382690392,-0.9827159943926744,-1.3736367862103975,13000000.0,11869566.0,,24869566.0,-0.8736367862103975,24869566.0
demineg01,Egor Dëmin,BRK,20,-1.6,1308,0.0332367805212341,1.1391986370988698,2.0593766551184487,7233720.0,7578240.0,9639522.0,7233720.0,3.659376655118449,24451482.0
johnsca02,Cameron Johnson,DEN,30,-0.6,1647,0.7920220499524852,0.3658898624113746,0.2424115625565367,23062500.0,,,23062500.0,0.8424115625565367,23062500.0
bridgmi02,Miles Bridges,CHO,28,1.1,2387,0.6194917455891732,0.3093307850349346,0.205211470398489,22826087.0,,,22826087.0,-0.8947885296015111,22826087.0
castlst01,Stephon Castle,SAS,22,1.9,2038,0.5141469395259654,1.094229385504356,1.4002832344671208,10015920.0,12670139.0,,10015920.0,-0.49971676553287914,22686059.0
joeis01,Isaiah Joe,OKC,27,2.5,1507,1.5362540544639862,1.4943448806361974,1.1841839200819588,11323006.0,11323006.0,,11323006.0,-1.3158160799180412,22646012.0
onealro01,Royce O'Neale,PHO,33,0.7,2213,-0.0440091985836198,-0.554215054707255,-0.945135846524978,10875000.0,11625000.0,,22500000.0,-1.645135846524978,22500000.0
murraco01,Collin Murray-Boyles,TOR,21,1.0,1246,1.9340009931642368,2.854179011183816,3.434261457162206,6649560.0,6966000.0,8874684.0,6649560.0,2.434261457162206,22490244.0
nurkiju01,Jusuf Nurkić,UTA,32,1.1,1083,0.3028929283750856,-0.0749508890697656,-0.5851567451934008,10576923.0,11423077.0,,22000000.0,-1.6851567451934009,22000000.0
maluakh01,Khaman Maluach,PHO,20,-3.7,411,-0.8316309739361993,0.2743308826414363,1.1945089006610154,6316680.0,6617160.0,8436880.0,12933840.0,4.894508900661016,21370720.0
mccolcj01,CJ McCollum,2TM,35,-0.3,2264,-0.1453059696483633,-0.4664168017128066,-1.14900241001243,21000000.0,,,21000000.0,-0.84900241001243,21000000.0
cowarce01,Cedric Coward,MEM,23,-0.2,1598,0.4198979895049215,0.7259518384676863,0.9767340723694206,6001080.0,6286920.0,8342743.0,6001080.0,1.1767340723694206,20630743.0
hollaro01,Ron Holland,DET,21,-2.0,1551,-1.0458197359021333,-0.1256417178825541,0.4544407280958364,9069600.0,11491183.0,,9069600.0,2.4544407280958365,20560783.0
kuzmaky01,Kyle Kuzma,MIL,31,-2.3,1806,-3.069659868195897,-3.193138168050735,-3.570981985495586,20345152.0,,,20345152.0,-1.2709819854955864,20345152.0
caldwke01,Kentavious Caldwell-Pope,MEM,33,-2.5,1088,-1.9471589569918435,-2.457364813115479,-2.848285604933202,20194392.0,,,20194392.0,-0.34828560493320193,20194392.0
sharpda01,Day'Ron Sharpe,BRK,25,1.4,1160,1.0949633122765072,1.1261845329489917,1.079424833250105,10000000.0,10000000.0,,10000000.0,-0.32057516674989484,20000000.0
hieldbu01,Buddy Hield,2TM,34,-1.0,819,-0.9662390549619366,-1.3571598467796595,-1.678270678844103,9658536.0,10097560.0,,9658536.0,-0.6782706788441031,19756096.0
martica02,Caleb Martin,DAL,31,-2.2,856,-2.6660849964015125,-2.7895632962563504,-3.1674071137012016,10001493.0,9371351.0,,10001493.0,-0.9674071137012015,19372844.0
sextoco01,Collin Sexton,2TM,28,0.6,1614,0.5098528834007022,0.1996919228464637,0.095572608210018,9366000.0,9834300.0,,19200300.0,-0.504427391789982,19200300.0
queende01,Derik Queen,NOP,22,-0.8,2023,0.2258725625014196,0.8059550084798103,1.112008857442575,5416080.0,5673840.0,8107918.0,5416080.0,1.912008857442575,19197838.0
goodwjo01,Jordan Goodwin,PHO,28,1.8,1572,0.5975694844599114,0.2874085239056729,0.1832892092692272,5864198.0,6333333.0,6802469.0,12197531.0,-1.6167107907307727,19000000.0
wagnemo01,Moritz Wagner,ORL,29,-2.2,427,0.9754302410963576,0.8713109264599119,0.4451787389188014,9268293.0,9731707.0,,9268293.0,2.6451787389188017,19000000.0
jeromty01,Ty Jerome,MEM,29,7.7,339,3.9679442910282914,3.8638249763918457,3.437692788850735,9220050.0,9659100.0,,9220050.0,-4.262307211149265,18879150.0
salauti01,Tidjane Salaün,CHO,21,-0.8,575,-1.9276660091482705,-1.0074879911286914,-0.4274055451503007,8237880.0,10445633.0,,8237880.0,0.37259445484969933,18683513.0
bryanca01,Carter Bryant,SAS,21,-3.0,818,-1.1096664463744594,-0.1894884283548803,0.3905940176235103,5145360.0,5390640.0,7983539.0,5145360.0,3.3905940176235103,18519539.0
dortlu01,Luguentz Dort,OKC,27,-2.0,1849,-1.118349324441876,-1.1602584982696649,-1.4704194588239037,18222222.0,,,18222222.0,0.5295805411760963,18222222.0
elliske01,Keon Ellis,2TM,27,-0.5,1478,0.7074410403367289,0.6655318665089403,0.3553709059547017,8780488.0,9219512.0,,8780488.0,0.8553709059547017,18000000.0
sheadja01,Jamal Shead,TOR,24,-2.3,1852,-2.4315712358941797,-2.180789001992445,-2.149567781319961,2296271.0,7407407.0,8000000.0,26296271.0,0.15043221868003886,17703678.0
middlkh01,Khris Middleton,2TM,35,-4.4,1439,-1.8694161765703532,-2.1905270086347963,-2.87311261693442,5591122.0,5870678.0,6150234.0,6499000.0,1.5268873830655805,17612034.0
johnske04,Keldon Johnson,SAS,27,0.9,1911,-0.597977333998011,-0.6398865078257996,-0.9500474683800382,17500000.0,,,17500000.0,-1.8500474683800383,17500000.0
shamela01,Landry Shamet,NYK,29,-0.3,1171,-1.7268978191291338,-1.8310171337655792,-2.2571493213066898,5357143.0,5785714.0,6214286.0,24000000.0,-1.9571493213066897,17357143.0
diengou01,Ousmane Dieng,2TM,23,-3.8,1099,-2.0749813178552943,-1.7689274688925296,-1.5181452349907951,5750000.0,5750000.0,5750000.0,11500000.0,2.2818547650092045,17250000.0
chrisma02,Max Christie,DAL,23,-1.5,2244,-1.4311957461698492,-1.1251418972070846,-0.8743596633053503,8285714.0,8857143.0,,8285714.0,0.6256403366946497,17142857.0
clingdo01,Donovan Clingan,POR,22,3.0,2094,2.662206136292074,3.242288582270465,3.5483424312332295,7519920.0,9550298.0,,7519920.0,0.5483424312332295,17070218.0
yangha01,Yang Hansen,POR,21,-9.5,300,-3.765715071510704,-2.8455370534911246,-2.265454607512734,4643520.0,4864920.0,7462788.0,4643520.0,7.2345453924872665,16971228.0
strusma01,Max Strus,CLE,30,-1.2,288,-0.0390011401584323,-0.4651333276995428,-0.5886116275543807,16660836.0,,,16660836.0,0.6113883724456193,16660836.0
oubreke01,Kelly Oubre Jr.,PHI,31,-1.4,1574,-2.287884099005966,-2.4113623988608044,-2.7892062163056552,8050000.0,8450000.0,,16500000.0,-1.3892062163056553,16500000.0
berinjo01,Joan Beringer,MIN,20,0.4,314,1.5806737064795833,2.686635563057219,3.606813581076798,4411200.0,4621200.0,7098163.0,4411200.0,3.206813581076798,16130563.0
pritcpa01,Payton Pritchard,BOS,29,2.3,2556,2.01218751211841,1.908068197481964,1.4819360099408536,7767857.0,8303571.0,,16071428.0,-0.8180639900591462,16071428.0
jonestr01,Tre Jones,CHI,27,1.3,1752,0.6634040055969197,0.6214948317691311,0.3113338712148925,8000000.0,8000000.0,,8000000.0,-0.9886661287851075,16000000.0
mathube01,Bennedict Mathurin,2TM,24,-2.5,1620,-2.369289219932494,-2.11850698603076,-2.087285765358276,7804878.0,8195122.0,,7804878.0,0.4127142346417241,16000000.0
manntr01,Tre Mann,CHO,25,-5.3,669,-2.4803362744454747,-2.4491150537729904,-2.495874753471877,8000000.0,8000000.0,,8000000.0,2.804125246528123,16000000.0
willija07,Jaylin Williams,OKC,24,2.7,1277,2.786396545906169,3.0371787798079035,3.0684000004803877,7774648.0,7774648.0,,7774648.0,0.36840000048038757,15549296.0
claytwa01,Walter Clayton,2TM,23,-4.3,1410,-2.993958844587446,-2.687904995624681,-2.437122761722947,4190520.0,4390320.0,6752312.0,4190520.0,1.8628772382770529,15333152.0
millejo02,Jordan Miller,LAC,27,0.2,1325,-0.3851484498816395,-0.4270576237094282,-0.7372185842636667,5300000.0,5000000.0,5000000.0,5300000.0,-0.9372185842636667,15300000.0
millebr02,Brandon Miller,CHO,24,1.6,1968,0.1815464408316383,0.4323286747333726,0.4635498954058569,15104626.0,,,15104626.0,-1.136450104594143,15104626.0
santogu01,Gui Santos,GSW,24,-0.6,1395,-0.5053638737622954,-0.254581639860561,-0.2233604191880767,4629630.0,5000000.0,5370370.0,9629630.0,0.3766395808119233,15000000.0
nnajize01,Zeke Nnaji,DEN,26,-3.5,626,-2.3166735761334856,-2.363433275832372,-2.4053424496601608,7466667.0,7466667.0,,7466667.0,1.0946575503398392,14933334.0
leverca01,Caris LeVert,DET,32,-0.4,1154,0.1186389609754227,-0.2592048564694285,-0.7694107125930636,14809200.0,,,14809200.0,-0.3694107125930636,14809200.0
greenjo02,Josh Green,CHO,26,-0.7,908,-2.6192309506321254,-2.665990650331012,-2.7078998241588006,14679012.0,,,14679012.0,-2.007899824158801,14679012.0
traorno01,Nolan Traoré,BRK,20,-6.8,1243,-4.194842071945702,-3.0888802153680666,-2.1687021973484875,4002000.0,4193040.0,6457282.0,4002000.0,4.631297802651512,14652322.0
alvarjo01,Jose Alvarado,2TM,28,-1.0,1370,-0.917599078197267,-1.2277600387515055,-1.3318793533879512,4500000.0,4860000.0,5220000.0,14580000.0,-0.33187935338795116,14580000.0
capelca01,Clint Capela,HOU,32,0.4,926,-0.2573603642287908,-0.635204181673642,-1.1454100377972771,7035000.0,7370000.0,,14405000.0,-1.5454100377972773,14405000.0
edeyza01,Zach Edey,MEM,24,0.5,284,0.3339109569692766,0.5846931908710109,0.6159144115434952,6332760.0,8067937.0,,6332760.0,0.11591441154349524,14400697.0
willigr01,Grant Williams,CHO,28,1.6,711,-1.0895230392852933,-1.3996839998395318,-1.5038033144759777,14265750.0,,,14265750.0,-3.103803314475978,14265750.0
landajo01,Jock Landale,2TM,31,-0.1,1506,-0.4328613484503517,-0.5563396483051897,-0.934183465750041,14100000.0,,,14100000.0,-0.834183465750041,14100000.0
jakucka01,Kasparas Jakučionis,MIA,20,-0.4,945,1.04531767263787,2.151279529215506,3.071457547235085,3841680.0,4024440.0,6205687.0,3841680.0,3.471457547235085,14071807.0
horfoal01,Al Horford,GSW,40,1.6,969,1.026498845503773,0.5236724836226567,-1.7902907797783072,6822000.0,7163100.0,,13985100.0,-3.390290779778307,13985100.0
rileywi01,Will Riley,WAS,20,-4.5,1633,-2.4907999269019614,-1.3848380703243257,-0.4646600523047466,3688320.0,3864000.0,6155352.0,3688320.0,4.035339947695253,13707672.0
willico04,Cody Williams,UTA,22,-5.5,1631,-4.565771779315739,-3.985689333337348,-3.679635484374583,6015600.0,7669890.0,,6015600.0,1.8203645156254171,13685490.0
hendesc01,Scoot Henderson,POR,22,-2.2,748,-2.1882097575153936,-1.608127311537003,-1.302073462574238,13585523.0,,,13585523.0,0.8979265374257621,13585523.0
jacksis01,Isaiah Jackson,2TM,25,-1.2,908,0.0784861746906053,0.1097073953630896,0.0629476956642031,7000000.0,6400000.0,,13400000.0,1.262947695664203,13400000.0
poweldr01,Drake Powell,BRK,21,-6.0,1320,-3.8287237733280257,-2.908545755308446,-2.3284633093300555,3540600.0,3709320.0,6101832.0,3540600.0,3.6715366906699445,13351752.0
buzelma01,Matas Buzelis,CHI,22,-1.0,2248,-0.4846958799485703,0.0953865660298203,0.4014404149925852,5715360.0,7584283.0,,5715360.0,1.4014404149925852,13299643.0
newelas01,Asa Newell,ATL,21,-1.5,500,0.169686087754104,1.089864105773683,1.6699465517520735,3399480.0,3560880.0,6042814.0,3399480.0,3.1699465517520737,13003174.0
cliffni01,Nique Clifford,SAC,24,-4.9,1882,-3.948392633380497,-3.697610399478763,-3.6663891788062783,3263400.0,3418800.0,5979481.0,3263400.0,1.233610821193722,12661681.0
divindo01,Donte DiVincenzo,MIN,30,0.8,2494,1.588594595041249,1.1624624075001386,1.0389841076453006,12535000.0,,,12535000.0,0.23898410764530054,12535000.0
kuminjo01,Jonathan Kuminga,2TM,24,-2.0,830,-0.5257562238218096,-0.2749739899200752,-0.2437527692475909,6064000.0,6367200.0,,6064000.0,1.756247230752409,12431200.0
smartma01,Marcus Smart,LAL,32,-2.2,1769,-2.003776768204947,-2.3816205856497983,-2.8918264417734334,6064000.0,6367200.0,,6064000.0,-0.6918264417734332,12431200.0
kennalu01,Luke Kennard,2TM,30,0.1,1681,0.244142711838484,-0.1819894757026264,-0.3054677755574644,6064000.0,6367200.0,,6064000.0,-0.4054677755574644,12431200.0
mitchda01,Davion Mitchell,MIA,28,-0.9,2000,-1.8483733519855097,-2.1585343125397483,-2.262653627176194,12400000.0,,,12400000.0,-1.362653627176194,12400000.0
richaja02,Jase Richardson,ORL,21,-2.5,587,-0.5629147048194423,0.3572633132001368,0.9373457591785276,3132360.0,3282000.0,5910882.0,3132360.0,3.4373457591785277,12325242.0
simonan01,Anfernee Simons,2TM,27,-0.1,1372,-0.0720389221075751,-0.1139480959353638,-0.4241090564896024,6000000.0,6300000.0,,6000000.0,-0.3241090564896024,12300000.0
carrica01,Bub Carrington,WAS,21,-4.7,2271,-3.2539192195532327,-2.3337412015336536,-1.753658755555263,4900560.0,7257730.0,,4900560.0,2.946341244444737,12158290.0
walshjo01,Jordan Walsh,BOS,22,0.2,1212,0.3713904929011923,0.951472938879583,1.2575267878423475,2406205.0,4629630.0,5000000.0,17406205.0,1.0575267878423475,12035835.0
okogijo01,Josh Okogie,HOU,28,-1.2,1354,-0.463943192197862,-0.7741041527521006,-0.8782234673885463,6000000.0,6000000.0,,6000000.0,0.32177653261145367,12000000.0
hayesja02,Jaxson Hayes,LAL,26,1.2,1207,0.1021438769294273,0.0553841772305408,0.0134750034027522,6000000.0,6000000.0,,6000000.0,-1.1865249965972477,12000000.0
hardyja02,Jaden Hardy,2TM,24,-4.8,898,-3.750898609048981,-3.500116375147247,-3.468895154474762,6000000.0,6000000.0,,6000000.0,1.3311048455252377,12000000.0
sarafbe01,Ben Saraf,BRK,20,-7.3,916,-4.2314116616978,-3.1254498051201645,-2.205271787100586,3028560.0,3172920.0,5720776.0,3028560.0,5.094728212899414,11922256.0
okorois01,Isaac Okoro,CHI,26,-3.8,1695,-2.0162219884509702,-2.062981688149857,-2.1048908619776454,11814814.0,,,11814814.0,1.6951091380223544,11814814.0
wareke01,Kel'el Ware,MIA,22,2.1,1704,2.035594109154156,2.6156765551325467,2.9217304040953116,4654920.0,7135992.0,,4654920.0,0.8217304040953115,11790912.0
jonessp01,Spencer Jones,DEN,25,-2.4,1417,-1.7408669420521834,-1.709645721379699,-1.7564054210785855,6000000.0,5750000.0,,11750000.0,0.6435945789214144,11750000.0
wolfda01,Danny Wolf,BRK,22,-2.5,1187,-1.08834849785356,-0.5082660518751694,-0.2022122029124045,2941440.0,3081840.0,5559640.0,2941440.0,2.2977877970875955,11582920.0
gonzahu01,Hugo González,BOS,20,-1.5,1084,0.1610099524166643,1.2669718089943,2.1871498270138794,2923560.0,3062640.0,5528065.0,2923560.0,3.6871498270138794,11514265.0
mcneeli01,Liam McNeeley,CHO,21,-1.3,368,0.3976768433229484,1.3178548613425276,1.8979373073209185,2902080.0,3040320.0,5487778.0,2902080.0,3.1979373073209185,11430178.0
konanya01,Yanic Konan Niederhäuser,LAC,23,-2.2,424,-0.7163137970802355,-0.4102599481174707,-0.1594777142157364,2880960.0,3018480.0,5448356.0,2880960.0,2.040522285784264,11347796.0
achiupr01,Precious Achiuwa,SAC,27,-1.6,1745,-1.5495739634302643,-1.5914831372580531,-1.9016440978122915,5477000.0,5750850.0,,11227850.0,-0.3016440978122914,11227850.0
meltode01,De'Anthony Melton,GSW,28,-2.5,1125,-1.2731065157114236,-1.5832674762656622,-1.687386790902108,5477000.0,5750850.0,,5477000.0,0.8126132090978919,11227850.0
mccaija01,Jared McCain,2TM,22,-2.4,1160,-0.4745883443184941,0.1054941016598964,0.4115479506226613,4422600.0,6784268.0,,4422600.0,2.811547950622661,11206868.0
knechda01,Dalton Knecht,LAL,25,-3.6,553,-1.7811378560780344,-1.7499166354055502,-1.7966763351044368,4201080.0,6452860.0,,4201080.0,1.8033236648955633,10653940.0
jonesde02,Derrick Jones Jr.,LAC,29,-0.7,1350,-1.0199382217355843,-1.12405753637203,-1.5501897239131404,10476190.0,,,10476190.0,-0.8501897239131404,10476190.0
isaacjo01,Jonathan Isaac,ORL,29,-1.6,521,0.5353809135549386,0.4312615989184929,0.0051294113773824,10449421.0,,,20898842.0,1.6051294113773824,10449421.0
dasiltr01,Tristan Da Silva,ORL,25,-0.6,1899,-1.0436825506779703,-1.012461330005486,-1.0592210297043725,3991200.0,6138466.0,,3991200.0,-0.4592210297043725,10129666.0
blackan01,Anthony Black,ORL,23,-0.6,1910,-0.8044553405748333,-0.4984014916120685,-0.2476192577103342,10106316.0,,,10106316.0,0.35238074228966576,10106316.0
clarkja02,Jaylen Clark,MIN,25,-2.4,888,-1.133222448859132,-1.1020012281866478,-1.1487609278855344,3086420.0,3333334.0,3580246.0,10000000.0,1.2512390721144655,10000000.0
harpero02,Ron Harper Jr.,BOS,26,1.1,318,0.646009887887199,0.5992501881883125,0.5573410143605239,3150752.0,3308290.0,3465828.0,6459042.0,-0.5426589856394762,9924870.0
walteja01,Ja'Kobe Walter,TOR,22,-0.3,1474,-0.2440692638294286,0.336013182148962,0.6420670311117269,3811800.0,5870172.0,,3811800.0,0.942067031111727,9681972.0
smithja04,Jalen Smith,CHI,26,-0.7,1095,0.5547977777723607,0.5080380780734742,0.4661289042456855,9428571.0,,,9428571.0,1.1661289042456855,9428571.0
tysonja01,Jaylon Tyson,CLE,24,0.1,1777,-0.0170886077029143,0.2336936261988199,0.2649148468713043,3658560.0,5641500.0,,3658560.0,0.16491484687130428,9300060.0
coulibi01,Bilal Coulibaly,WAS,22,-2.1,1468,-2.112635391242272,-1.5325529452638813,-1.2264990963011164,9240012.0,,,9240012.0,0.8735009036988837,9240012.0
lopezbr01,Brook Lopez,LAC,38,-0.9,1635,-0.3058580921259948,-0.5242135697789658,-1.408583827217441,9187500.0,,,9187500.0,-0.5085838272174409,9187500.0
missiyv01,Yves Missi,NOP,22,-1.7,1297,-1.2690420362613448,-0.6889595902829542,-0.3829057413201893,3512760.0,5595827.0,,3512760.0,1.3170942586798107,9108587.0
minotjo01,Josh Minott,2TM,24,2.5,834,2.244183616474035,2.4949658503757695,2.5261870710482537,4500000.0,4500000.0,,4500000.0,0.026187071048253685,9000000.0
johnsaj01,AJ Johnson,2TM,22,-8.9,454,-5.6288741567276475,-5.048791710749257,-4.742737861786493,3237120.0,5493394.0,,3237120.0,4.1572621382135075,8730514.0
georgky01,Kyshawn George,WAS,23,-1.2,1391,-1.848197671757155,-1.5421438227943904,-1.2913615888926562,3108000.0,5435892.0,,3108000.0,-0.09136158889265622,8543892.0
walkeja02,Jarace Walker,IND,23,-2.4,1953,-1.0382122085481291,-0.7321583595853642,-0.48137612568363,8478542.0,,,8478542.0,1.91862387431637,8478542.0
sandeko01,Kobe Sanders,LAC,24,-2.9,1351,-2.082941758563851,-1.832159524662117,-1.8009383039896325,2622139.0,2753246.0,2884353.0,5375385.0,1.0990616960103674,8259738.0
aytonde01,Deandre Ayton,LAL,28,-0.9,1958,-0.5327052225375357,-0.8428661830917743,-0.94698549772822,8104000.0,,,8104000.0,-0.04698549772822003,8104000.0
rolliry01,Ryan Rollins,MIL,24,0.2,2376,0.3560904810390225,0.6068727149407569,0.6380939356132412,4000000.0,4000000.0,,4000000.0,0.4380939356132412,8000000.0
barneha02,Harrison Barnes,SAS,34,-0.1,1986,-1.0123224718039414,-1.4032432636216647,-1.724354095686108,8000000.0,,,8000000.0,-1.624354095686108,8000000.0
jamesle01,LeBron James,LAL,42,3.5,1989,2.521191834436785,-1.0788081655632151,-1.0788081655632151,3876529.0,4070355.0,,3876529.0,-4.578808165563215,7946884.0
mykhasv01,Svi Mykhailiuk,UTA,29,-1.7,1156,-2.281664942501444,-2.3857842571378898,-2.8119164446790004,3850000.0,4025000.0,,0.0,-1.1119164446790004,7875000.0
spencca01,Cam Spencer,MEM,26,2.2,1714,1.802061246799149,1.7553015471002626,1.713392373272474,2411090.0,2616754.0,2830685.0,5027844.0,-0.4866076267275261,7858529.0
shannte01,Terrence Shannon Jr.,MIN,26,-3.6,538,-2.2502705535433476,-2.297030253242234,-2.338939427070023,2801640.0,5054159.0,,2801640.0,1.2610605729299773,7855799.0
dunnry01,Ryan Dunn,PHO,24,-0.9,1355,-1.8015066135960016,-1.5507243796942671,-1.519503159021783,2784240.0,5025553.0,,7809793.0,-0.6195031590217829,7809793.0
hendrta01,Taylor Hendricks,2TM,23,-2.4,1118,-1.2425747218410064,-0.9365208728782416,-0.6857386389765074,7805900.0,,,7805900.0,1.7142613610234925,7805900.0
colliis01,Isaiah Collier,UTA,22,-2.4,1517,-2.5726887558854012,-1.9926063099070104,-1.6865524609442455,2763960.0,4988948.0,,2763960.0,0.7134475390557544,7752908.0
scheiba01,Baylor Scheierman,BOS,26,0.6,1429,0.2065664022899409,0.1598067025910544,0.1178975287632658,2744040.0,4952993.0,,2744040.0,-0.48210247123673416,7697033.0
kalkbry01,Ryan Kalkbrenner,CHO,25,1.8,1479,1.773780398539308,1.8050016192117924,1.7582419195129058,2411090.0,2525901.0,2735698.0,2411090.0,-0.041758080487094285,7672689.0
jamessi01,Sion James,CHO,24,-2.0,1843,-1.4204401867235843,-1.16965795282185,-1.1384367321493656,2411090.0,2525901.0,2735698.0,2411090.0,0.8615632678506344,7672689.0
bitadgo01,Goga Bitadze,ORL,27,2.8,972,2.2437435544557394,2.201834380627951,1.891673420073712,7608696.0,,,7608696.0,-0.9083265799262878,7608696.0
cartede02,Devin Carter,SAC,24,-2.6,700,-1.862804880316852,-1.6120226464151175,-1.5808014257426333,7607501.0,,,5158080.0,1.0191985742573668,7607501.0
wallaca01,Cason Wallace,OKC,23,1.2,2046,1.4216957118759497,1.727749560838714,1.9785317947404484,7420806.0,,,7420806.0,0.7785317947404484,7420806.0
laniech01,Chaz Lanier,DET,25,-5.1,262,-2.174877984443153,-2.143656763770669,-2.1904164634695555,2150917.0,2525901.0,2735698.0,2150917.0,2.909583536530444,7412516.0
peavymi01,Micah Peavy,NOP,25,-5.2,913,-3.709206570825231,-3.6779853501527473,-3.724745049851634,2150917.0,2525901.0,2735698.0,2150917.0,1.4752549501483663,7412516.0
pendano01,Noah Penda,ORL,22,-1.5,757,-0.1556442037150993,0.4244382422632913,0.7304920912260562,2150917.0,2525901.0,2735698.0,2150917.0,2.230492091226056,7412516.0
richawi02,Will Richard,GSW,24,-1.7,1377,-1.0944518985978084,-0.8436696646960742,-0.8124484440235898,2150917.0,2525901.0,2735698.0,2150917.0,0.8875515559764101,7412516.0
flemira01,Rasheer Fleming,PHO,22,-3.8,673,-1.7404996497701326,-1.160417203791742,-0.8543633548289771,2150917.0,2525901.0,2735698.0,4676818.0,2.9456366451710227,7412516.0
proctty01,Tyrese Proctor,CLE,22,-2.8,545,-0.9043422320469215,-0.324259786068531,-0.0182059371057661,2150917.0,2525901.0,2735698.0,2150917.0,2.781794062894234,7412516.0
anthoco01,Cole Anthony,MIL,26,-4.7,527,-0.7487131536707866,-0.7954728533696731,-0.8373820271974618,3700000.0,3700000.0,,7400000.0,3.8626179728025383,7400000.0
diawamo01,Mohamed Diawara,NYK,21,-1.7,634,-0.0514011576323107,0.8687768603872683,1.448859306365659,2232143.0,2410714.0,2589286.0,10000000.0,3.148859306365659,7232143.0
dickgr01,Gradey Dick,TOR,23,-3.6,1067,-2.969807635891302,-2.6637537869285373,-2.412971553026803,7131511.0,,,7131511.0,1.1870284469731969,7131511.0
hawkijo01,Jordan Hawkins,NOP,24,-6.2,692,-4.145941246636995,-3.895159012735261,-3.863937792062776,7021895.0,,,7021895.0,2.336062207937224,7021895.0
dilliro01,Rob Dillingham,2TM,22,-7.3,970,-4.365987024411277,-3.785904578432886,-3.479850729470121,6889320.0,,,6889320.0,3.8201492705298787,6889320.0
hardati02,Tim Hardaway Jr.,DEN,34,-0.7,2127,-2.13463828321521,-2.525559075032933,-2.8466699070973767,6500000.0,,,6500000.0,-2.146669907097377,6500000.0
konchjo01,John Konchar,2TM,30,0.9,1115,0.484728222826269,0.0585960352851585,-0.0648822645696793,2055000.0,2055000.0,2055000.0,6165000.0,-0.9648822645696793,6165000.0
filipky01,Kyle Filipowski,UTA,23,-1.1,1801,-0.3836482742485756,-0.0775944252858108,0.1731878086159234,3000000.0,3000000.0,,0.0,1.2731878086159234,6000000.0
laravja01,Jake LaRavia,LAL,25,-1.2,2061,-0.6321316279689296,-0.6009104072964453,-0.6476701069953318,6000000.0,,,6000000.0,0.5523298930046682,6000000.0
russeda01,D'Angelo Russell,DAL,30,-2.3,495,-0.1771960637829543,-0.6033282513240649,-0.7268065511789028,5969250.0,,,5969250.0,1.573193448821097,5969250.0
jaqueja01,Jaime Jaquez Jr.,MIA,25,0.1,2121,-0.4131205934437745,-0.3818993727712902,-0.4286590724701766,5939141.0,,,5939141.0,-0.5286590724701766,5939141.0
batumni01,Nicolas Batum,LAC,38,-1.0,1295,-0.8206919513474819,-1.0390474290004528,-1.9234176864389276,5881680.0,,,0.0,-0.9234176864389276,5881680.0
mitchaj01,Ajay Mitchell,OKC,24,1.9,1473,1.2259935251860183,1.4767757590877526,1.507996979760237,2850000.0,2850000.0,,0.0,-0.39200302023976286,5700000.0
dunnkr01,Kris Dunn,LAC,32,-0.8,2230,-0.3335313467088902,-0.7113751641537415,-1.2215810202773765,5684800.0,,,0.0,-0.42158102027737643,5684800.0
podzibr01,Brandin Podziemski,GSW,23,0.2,2333,0.8370702104807042,1.143124059443469,1.393906293345203,5679459.0,,,5679459.0,1.1939062933452032,5679459.0
champju01,Justin Champagnie,WAS,25,-0.4,1377,-0.1404779780259423,-0.109256757353458,-0.1560164570523445,2667944.0,3005085.0,,2667944.0,0.24398354294765554,5673029.0
huffja01,Jay Huff,IND,28,0.4,1719,1.03581782124458,0.7256568606903415,0.6215375460538959,2667944.0,3005085.0,,0.0,0.22153754605389586,5673029.0
krejcvi01,Vít Krejčí,2TM,26,-1.6,1392,-0.9152751256753492,-0.9620348253742356,-1.0039439992020245,2667944.0,3005085.0,,0.0,0.5960560007979756,5673029.0
reedpa01,Paul Reed,DET,27,5.3,901,2.4432432639442636,2.401334090116475,2.0911731295622364,5602689.0,,,0.0,-3.2088268704377634,5602689.0
smithdr01,Dru Smith,MIA,29,2.2,1141,1.5100891735011552,1.4059698588647096,0.9798376713235992,2584539.0,2934742.0,,0.0,-1.220162328676401,5519281.0
mcgowbr01,Bryce McGowens,NOP,24,-2.9,880,-2.7266594914329656,-2.4758772575312316,-2.444656036858747,2584539.0,2934742.0,,2584539.0,0.455343963141253,5519281.0
whitmca01,Cam Whitmore,WAS,22,-3.3,354,0.4278837224228325,1.007966168401223,1.314020017363988,1819437.0,1819437.0,1819437.0,5458311.0,4.614020017363988,5458311.0
clownno01,Noah Clowney,BRK,22,-3.4,1780,-2.162014817775128,-1.5819323717967375,-1.2758785228339726,5414034.0,,,5414034.0,2.1241214771660273,5414034.0
porteke02,Kevin Porter Jr.,MIL,26,2.1,1261,0.7480338056842364,0.7012741059853499,0.6593649321575612,5390700.0,,,5390700.0,-1.4406350678424389,5390700.0
murrakr01,Kris Murray,POR,26,-1.5,1333,-2.238701553706915,-2.2854612534058014,-2.32737042723359,5315004.0,,,5315004.0,-0.82737042723359,5315004.0
nancepe01,Pete Nance,MIL,26,-2.3,737,-1.6153301745395987,-1.662089874238485,-1.7039990480662737,2537526.0,2756912.0,,2537526.0,0.5960009519337262,5294438.0
sassema01,Marcus Sasser,DET,26,-1.7,457,-1.4500122297302018,-1.4967719294290882,-1.5386811032568768,5198983.0,,,5198983.0,0.16131889674312316,5198983.0
plowdda01,Daeqwon Plowden,SAC,28,-4.4,844,-3.325786378418033,-3.6359473389722714,-3.740066653608717,2449421.0,2664401.0,,5113822.0,0.6599333463912833,5113822.0
sheppbe01,Ben Sheppard,IND,25,-3.0,1390,-2.224201420993564,-2.1929802003210797,-2.2397399000199663,5031669.0,,,5031669.0,0.7602600999800337,5031669.0
edwarju01,Justin Edwards,PHI,23,-1.3,977,-1.560105726785308,-1.2540518778225431,-1.003269643920809,2411090.0,2616754.0,,2411090.0,0.29673035607919096,5027844.0
willike04,Kenrich Williams,OKC,32,0.2,855,-0.0335936091978519,-0.4114374266427032,-0.9216432827663384,5000000.0,,,5000000.0,-1.1216432827663385,5000000.0
sensabr01,Brice Sensabaugh,UTA,23,-2.6,1762,-1.6420408108607094,-1.3359869618979447,-1.0852047279962105,4862237.0,,,4862237.0,1.5147952720037896,4862237.0
strawju01,Julian Strawther,DEN,24,-2.3,861,-3.1507535685985393,-2.8999713346968052,-2.868750114024321,4826931.0,,,4826931.0,-0.5687501140243212,4826931.0
kolekty01,Tyler Kolek,NYK,25,-0.6,727,-0.6172166661825572,-0.5859954455100729,-0.6327551452089594,2296271.0,2486995.0,,2296271.0,-0.03275514520895939,4783266.0
bonaad01,Adem Bona,PHI,23,-2.9,1234,-1.8827697470391795,-1.5767158980764149,-1.3259336641746806,2296271.0,2486995.0,,0.0,1.5740663358253193,4783266.0
wellsja01,Jaylen Wells,MEM,23,-3.1,1821,-1.8879897668902448,-1.58193591792748,-1.331153684025746,2296271.0,2486995.0,,0.0,1.768846315974254,4783266.0
chrisca02,Cam Christie,LAC,21,-4.6,480,-1.7703106481582327,-0.8501326301386536,-0.2700501841602629,2296271.0,2486995.0,,0.0,4.329949815839737,4783266.0
furphjo01,Johnny Furphy,IND,22,-3.7,643,-1.6205736771123609,-1.04049123113397,-0.7344373821712051,2296271.0,2486995.0,,2296271.0,2.965562617828795,4783266.0
jamesbr02,Bronny James,LAL,22,-4.3,375,-1.508835439165643,-0.9287529931872528,-0.6226991442244878,2296271.0,2486995.0,,0.0,3.677300855775512,4783266.0
ighodos01,Oso Ighodaro,PHO,24,0.1,1808,-0.3688465443795511,-0.1180643104778168,-0.0868430898053325,2296271.0,2486995.0,,0.0,-0.18684308980533249,4783266.0
cissemo01,Moussa Cisse,DAL,24,-2.9,530,-1.5657639895541768,-1.3149817556524426,-1.283760534979958,2185116.0,2571895.0,,2185116.0,1.616239465020042,4757011.0
raynama01,Maxime Raynaud,SAC,23,-2.4,1964,-1.511053591169722,-1.2049997422069574,-0.9542175083052232,2150917.0,2525901.0,,2150917.0,1.4457824916947768,4676818.0
gardnmy01,Myron Gardner,MIA,25,0.9,411,0.8120092916813603,0.8432305123538446,0.7964708126549581,2150917.0,2525901.0,,0.0,-0.1035291873450419,4676818.0
prospol01,Olivier-Maxence Prosper,MEM,24,-0.1,984,-0.544814108950856,-0.2940318750491217,-0.2628106543766374,3500172.0,1002360.0,,4502532.0,-0.16281065437663741,4502532.0
jenkida01,Daniss Jenkins,DET,25,-0.7,1455,-0.3251414100361431,-0.2939201893636589,-0.3406798890625453,4000000.0,,,4000000.0,0.35932011093745464,4000000.0
mcbrimi01,Miles McBride,NYK,26,1.2,1080,0.3909990348535404,0.3442393351546539,0.3023301613268652,3956523.0,,,3956523.0,-0.8976698386731348,3956523.0
greenja02,Javonte Green,DET,33,2.1,1446,-0.1069697431856117,-0.6171755993092468,-1.00809639112697,3943679.0,,,3943679.0,-3.10809639112697,3943679.0
princta02,Taurean Prince,MIL,32,-3.1,611,-2.2733879688879357,-2.651231786332787,-3.161437642456422,3815861.0,,,3815861.0,-0.061437642456422026,3815861.0
connapa01,Pat Connaughton,CHO,34,0.1,297,-1.8025292665412824,-2.1934500583590055,-2.514560890423449,3815861.0,,,3815861.0,-2.614560890423449,3815861.0
harriga01,Gary Harris,MIL,32,-2.5,661,-1.9160340532206177,-2.2938778706654688,-2.804083726789104,3815861.0,,,3815861.0,-0.3040837267891039,3815861.0
barlodo01,Dominick Barlow,PHI,23,-1.1,1689,-0.5806972822766815,-0.2746434333139167,-0.0238611994121824,3415000.0,,,3415000.0,1.0761388005878176,3415000.0
hukpoar01,Ariel Hukporti,NYK,24,-2.3,498,-1.1400686235795132,-0.889286389677779,-0.8580651690052946,3400000.0,,,3400000.0,1.4419348309947053,3400000.0
hylanbo01,Bones Hyland,MIN,26,1.7,1177,0.5098888053403425,0.463129105641456,0.4212199318136674,2845883.0,,,2845883.0,-1.2787800681863326,2845883.0
simsje01,Jericho Sims,MIL,28,-3.1,1318,-2.572986065514792,-2.8831470260690306,-2.9872663407054763,2801346.0,,,2801346.0,0.11273365929452384,2801346.0
pottemi01,Micah Potter,IND,28,0.7,908,-0.7947146898014044,-1.104875650355643,-1.2089949649920886,2801346.0,,,2801346.0,-1.9089949649920885,2801346.0
garzalu01,Luka Garza,BOS,28,2.4,1118,1.8890380598736531,1.5788770993194146,1.474757784682969,2801346.0,,,2801346.0,-0.925242215317031,2801346.0
kolokch01,Christian Koloko,3TM,26,-4.7,357,-2.6287904382493656,-2.675550137948252,-2.717459311776041,2625627.0,,,2625627.0,1.9825406882239593,2625627.0
cainja01,Jamal Cain,ORL,27,-1.4,486,-1.8476044592555567,-1.8895136330833455,-2.199674593637584,2584539.0,,,2584539.0,-0.799674593637584,2584539.0
walkeja01,Jabari Walker,PHI,24,-2.7,762,-1.9040493025565195,-1.6532670686547852,-1.6220458479823008,2584539.0,,,0.0,1.0779541520176994,2584539.0
bouyeja01,Jamaree Bouyea,PHO,27,-0.4,644,-0.3051023613989977,-0.3470115352267864,-0.657172495781025,2584539.0,,,2584539.0,-0.25717249578102497,2584539.0
phillju01,Julian Phillips,2TM,23,-3.6,428,-2.3312968315862497,-2.0252429826234852,-1.7744607487217507,2537526.0,,,2537526.0,1.8255392512782493,2537526.0
branhma01,Malaki Branham,WAS,23,-2.2,275,-3.214210850648156,-2.9081570016853915,-2.657374767783657,2537526.0,,,0.0,-0.4573747677836568,2537526.0
tshieos01,Oscar Tshiebwe,UTA,27,-1.8,448,-1.1970154118773508,-1.2389245857051396,-1.5490855462593782,2537526.0,,,2537526.0,0.2509144537406218,2537526.0
cissosi01,Sidy Cissoko,POR,22,-4.0,1435,-2.413593471669818,-1.833511025691427,-1.5274571767286624,2497812.0,,,0.0,2.4725428232713376,2497812.0
diabamo01,Moussa Diabaté,CHO,25,1.7,1899,0.6795756059140434,0.7107968265865278,0.6640371268876413,2461462.0,,,0.0,-1.0359628731123587,2461462.0
conlemi01,Mike Conley,MIN,39,-1.3,991,1.006289225160858,0.121918967722383,-0.3809073941587328,2449421.0,,,2449421.0,0.9190926058412672,2449421.0
nancela02,Larry Nance Jr.,CLE,34,-3.4,449,-0.1725917323147305,-0.5635125241324537,-0.884623356196897,2449421.0,,,2449421.0,2.515376643803103,2449421.0
clarkjo01,Jordan Clarkson,NYK,34,-3.3,1279,-3.4745420737351784,-3.8654628655529018,-4.186573697617344,2449421.0,,,2449421.0,-0.8865736976173446,2449421.0
looneke01,Kevon Looney,NOP,30,-1.8,308,-0.0282289779416727,-0.4543611654827831,-0.5778394653376211,2449421.0,,,2449421.0,1.222160534662379,2449421.0
fontesi01,Simone Fontecchio,MIA,31,0.5,1173,-1.3739365810473032,-1.4974148809021413,-1.8752586983469923,2449421.0,,,2449421.0,-2.3752586983469923,2449421.0
bogdabo01,Bogdan Bogdanović,LAC,34,-3.1,452,-1.509928699308231,-1.900849491125954,-2.2219603231903973,2449421.0,,,2449421.0,0.8780396768096028,2449421.0
willibr03,Brandon Williams,DAL,27,0.4,1463,0.4187859790878118,0.3768768052600232,0.0667158447057846,2449421.0,,,0.0,-0.3332841552942154,2449421.0
sochaje01,Jeremy Sochan,2TM,23,-1.2,469,-1.4240283580900694,-1.1179745091273048,-0.8671922752255705,2449421.0,,,2449421.0,0.33280772477442944,2449421.0
watfotr01,Trendon Watford,PHI,26,-1.9,864,-1.7032751088959668,-1.7500348085948532,-1.7919439824226415,2449421.0,,,0.0,0.10805601757735839,2449421.0
richani01,Nick Richards,2TM,29,-6.1,701,-3.597295666906114,-3.701414981542559,-4.12754716908367,2449421.0,,,2449421.0,1.97245283091633,2449421.0
baglema01,Marvin Bagley III,2TM,27,0.8,1201,0.1562761426893581,0.1143669688615694,-0.1957939916926691,2449421.0,,,2449421.0,-0.9957939916926691,2449421.0
mclaujo01,Jordan McLaughlin,SAS,30,0.6,282,1.0415793151072996,0.6154471275661891,0.4919688277113512,2449421.0,,,2449421.0,-0.10803117228864878,2449421.0
willizi02,Ziaire Williams,BRK,25,-1.7,1281,-2.0305562383918296,-1.9993350177193456,-2.046094717418232,2449421.0,,,2449421.0,-0.34609471741823206,2449421.0
anderky01,Kyle Anderson,3TM,33,0.4,853,0.5334045583937701,0.0231987022701349,-0.3677220895475881,2449421.0,,,2449421.0,-0.7677220895475881,2449421.0
agbajoc01,Ochai Agbaji,2TM,26,-4.0,973,-2.4975662808715775,-2.544325980570464,-2.5862351543982527,2449421.0,,,0.0,1.4137648456017473,2449421.0
bryanth01,Thomas Bryant,CLE,29,0.1,732,-0.0913437701455592,-0.1954630847820049,-0.6215952723231154,2449421.0,,,2449421.0,-0.7215952723231154,2449421.0
brownbr01,Bruce Brown,DEN,30,-2.4,1998,-2.829720956306725,-3.2558531438478355,-3.379331443702674,2449421.0,,,0.0,-0.9793314437026739,2449421.0
tateja01,Jae'Sean Tate,HOU,31,-3.9,405,-2.2923887392563778,-2.415867039111216,-2.793710856556067,2449421.0,,,2449421.0,1.106289143443933,2449421.0
drumman01,Andre Drummond,PHI,33,-0.6,1231,-1.2539960375176873,-1.7642018936413224,-2.1551226854590455,2449421.0,,,2449421.0,-1.5551226854590454,2449421.0
jonesty01,Tyus Jones,3TM,30,-2.4,979,-0.4275561848530602,-0.8536883723941706,-0.9771666722490088,2449421.0,,,2449421.0,1.422833327750991,2449421.0
eubandr01,Drew Eubanks,SAC,29,-3.7,552,-1.850584452439827,-1.9547037670762728,-2.380835954617383,2449421.0,,,0.0,1.319164045382617,2449421.0
thybuma01,Matisse Thybulle,POR,29,4.4,480,1.746539706495187,1.6424203918587414,1.2162882043176308,2449421.0,,,2449421.0,-3.1837117956823695,2449421.0
vucevni01,Nikola Vučević,2TM,36,1.5,1818,1.0711957080250412,0.3886100997254178,-0.217848290458777,2449421.0,,,2449421.0,-1.717848290458777,2449421.0
gillan01,Anthony Gill,WAS,34,-2.6,951,-3.2595108908918338,-3.6504316827095566,-3.971542514774,2449421.0,,,2449421.0,-1.3715425147740001,2449421.0
carlsbr01,Branden Carlson,OKC,27,0.8,488,0.4849373483966115,0.4430281745688229,0.1328672140145843,2449421.0,,,2449421.0,-0.6671327859854157,2449421.0
carteje01,Jevon Carter,2TM,31,-1.1,867,-2.3609725933421184,-2.484450893196956,-2.8622947106418075,2449421.0,,,2449421.0,-1.7622947106418074,2449421.0
paytoga02,Gary Payton II,GSW,34,1.9,1142,0.8866463552394934,0.4957255634217703,0.1746147313573269,2449421.0,,,2449421.0,-1.725385268642673,2449421.0
derozde01,DeMar DeRozan,SAC,37,-0.1,2406,-0.2666541117506978,-0.8731125019348926,-1.0914679795878637,2449421.0,,,2449421.0,-0.9914679795878637,2449421.0
tomlina01,Nae'Qwan Tomlin,CLE,26,-2.1,1004,-1.5948436957646015,-1.641603395463488,-1.683512569291277,2411090.0,,,2411090.0,0.4164874307087232,2411090.0
jacksgg01,GG Jackson II,MEM,22,-1.2,1178,-0.958388980111877,-0.3783065341334863,-0.0722526851707214,2406205.0,,,2406205.0,1.1277473148292785,2406205.0
jackstr02,Trayce Jackson-Davis,2TM,26,-0.4,496,1.2188115694678257,1.1720518697689393,1.130142695941151,2406205.0,,,2406205.0,1.530142695941151,2406205.0
millele01,Leonard Miller,2TM,23,-1.3,719,-0.3358529975378492,-0.0297991485750844,0.2209830853266498,2406205.0,,,2406205.0,1.52098308532665,2406205.0
portecr01,Craig Porter Jr.,CLE,26,2.0,1148,1.3594946030839052,1.3127349033850189,1.2708257295572305,2406205.0,,,2406205.0,-0.7291742704427695,2406205.0
gueyemo02,Mouhamed Gueye,ATL,24,-1.3,1179,-0.6321199189821853,-0.381337685080451,-0.3501164644079667,2406205.0,,,2406205.0,0.9498835355920334,2406205.0
matkoka01,Karlo Matković,NOP,25,0.7,912,-0.0825247927165257,-0.0513035720440414,-0.0980632717429279,2296271.0,,,2296271.0,-0.7980632717429279,2296271.0
battlja01,Jamison Battle,TOR,25,-2.6,517,-1.7365315487952522,-1.705310328122768,-1.7520700278216546,2296271.0,,,0.0,0.8479299721783455,2296271.0
peterta01,Taelon Peter,IND,24,-4.6,492,-2.5969707638216932,-2.346188529919959,-2.3149673092474745,2185116.0,,,0.0,2.285032690752525,2185116.0
mbengbe01,Bez Mbeng,UTA,23,-4.9,492,-2.5138371486994973,-2.2077832997367324,-1.9570010658349983,2185116.0,,,0.0,2.942998934165002,2185116.0
nembhry01,Ryan Nembhard,DAL,23,-4.1,1171,-2.71320954589941,-2.4071556969366457,-2.156373463034911,2150917.0,,,2150917.0,1.9436265369650885,2150917.0
terryda01,Dalen Terry,2TM,24,-1.7,551,-2.0867646255274552,-1.835982391625721,-1.8047611709532363,1357763.0,,,0.0,-0.10476117095323634,1357763.0
liddeej01,E.J. Liddell,BRK,26,-3.3,349,-1.7668089770503703,-1.813568676749257,-1.8554778505770455,706898.0,,,706898.0,1.4445221494229543,706898.0
