"stat","age","model","value"
"ast_pct",19,"lme4_unweighted",-5.18351168466836
"ast_pct",20,"lme4_unweighted",-3.84387273216631
"ast_pct",21,"lme4_unweighted",-2.73365119752121
"ast_pct",22,"lme4_unweighted",-1.83692546101546
"ast_pct",23,"lme4_unweighted",-1.1377739029315
"ast_pct",24,"lme4_unweighted",-0.620274903551728
"ast_pct",25,"lme4_unweighted",-0.268506843158569
"ast_pct",26,"lme4_unweighted",-0.0665481020344334
"ast_pct",27,"lme4_unweighted",0
"ast_pct",28,"lme4_unweighted",-0.0605556150290099
"ast_pct",29,"lme4_unweighted",-0.241430964633462
"ast_pct",30,"lme4_unweighted",-0.535842066325353
"ast_pct",31,"lme4_unweighted",-0.937004937616683
"ast_pct",32,"lme4_unweighted",-1.43813559601945
"ast_pct",33,"lme4_unweighted",-2.03245005904565
"ast_pct",34,"lme4_unweighted",-2.71316434420729
"ast_pct",35,"lme4_unweighted",-3.47349446901637
"ast_pct",36,"lme4_unweighted",-4.30665645098488
"ast_pct",19,"lme4_weighted",-5.78479803158153
"ast_pct",20,"lme4_weighted",-4.26305102125768
"ast_pct",21,"lme4_weighted",-3.00925287965861
"ast_pct",22,"lme4_weighted",-2.00348537361555
"ast_pct",23,"lme4_weighted",-1.22583026995973
"ast_pct",24,"lme4_weighted",-0.656369335522376
"ast_pct",25,"lme4_weighted",-0.275184337134727
"ast_pct",26,"lme4_weighted",-0.0623570416280046
"ast_pct",27,"lme4_weighted",0
"ast_pct",28,"lme4_weighted",-0.0783488999147277
"ast_pct",29,"lme4_weighted",-0.289670213202761
"ast_pct",30,"lme4_weighted",-0.626230411694676
"ast_pct",31,"lme4_weighted",-1.08029596722104
"ast_pct",32,"lme4_weighted",-1.64413335161242
"ast_pct",33,"lme4_weighted",-2.3100090366994
"ast_pct",34,"lme4_weighted",-3.07018949431255
"ast_pct",35,"lme4_weighted",-3.91694119628244
"ast_pct",36,"lme4_weighted",-4.84253061443965
"blk_pct",19,"lme4_unweighted",0.0971405699379426
"blk_pct",20,"lme4_unweighted",0.139431266607404
"blk_pct",21,"lme4_unweighted",0.157579170852055
"blk_pct",22,"lme4_unweighted",0.155889723412797
"blk_pct",23,"lme4_unweighted",0.138668365030532
"blk_pct",24,"lme4_unweighted",0.110220536446161
"blk_pct",25,"lme4_unweighted",0.0748516784005842
"blk_pct",26,"lme4_unweighted",0.036867231634703
"blk_pct",27,"lme4_unweighted",0
"blk_pct",28,"lme4_unweighted",-0.0343077602097186
"blk_pct",29,"lme4_unweighted",-0.0651864295900639
"blk_pct",30,"lme4_unweighted",-0.091766388736648
"blk_pct",31,"lme4_unweighted",-0.113178018245083
"blk_pct",32,"lme4_unweighted",-0.12855169871098
"blk_pct",33,"lme4_unweighted",-0.137017810729951
"blk_pct",34,"lme4_unweighted",-0.137706734897608
"blk_pct",35,"lme4_unweighted",-0.129748851809563
"blk_pct",36,"lme4_unweighted",-0.112274542061428
"blk_pct",19,"lme4_weighted",0.088083604268451
"blk_pct",20,"lme4_weighted",0.130386970288561
"blk_pct",21,"lme4_weighted",0.149022847651318
"blk_pct",22,"lme4_weighted",0.148219332844557
"blk_pct",23,"lme4_weighted",0.132204522356115
"blk_pct",24,"lme4_weighted",0.105206512673826
"blk_pct",25,"lme4_weighted",0.0714534002855292
"blk_pct",26,"lme4_weighted",0.0351732816790582
"blk_pct",27,"lme4_weighted",0
"blk_pct",28,"lme4_weighted",-0.032809614975061
"blk_pct",29,"lme4_weighted",-0.0625929868117907
"blk_pct",30,"lme4_weighted",-0.0886875390758548
"blk_pct",31,"lme4_weighted",-0.110430695332919
"blk_pct",32,"lme4_weighted",-0.127159879148648
"blk_pct",33,"lme4_weighted",-0.138212514088709
"blk_pct",34,"lme4_weighted",-0.142926023718767
"blk_pct",35,"lme4_weighted",-0.140637831604487
"blk_pct",36,"lme4_weighted",-0.130685361311536
"bpm",19,"lme4_unweighted",-3.42657359506242
"bpm",20,"lme4_unweighted",-2.34308112496299
"bpm",21,"lme4_unweighted",-1.49836001342442
"bpm",22,"lme4_unweighted",-0.866558303779656
"bpm",23,"lme4_unweighted",-0.421824039361684
"bpm",24,"lme4_unweighted",-0.138305263503469
"bpm",25,"lme4_unweighted",0.00984998046202257
"bpm",26,"lme4_unweighted",0.0484936492018209
"bpm",27,"lme4_unweighted",0
"bpm",28,"lme4_unweighted",-0.127167507391212
"bpm",29,"lme4_unweighted",-0.328023112602541
"bpm",30,"lme4_unweighted",-0.597581055264716
"bpm",31,"lme4_unweighted",-0.930855575008466
"bpm",32,"lme4_unweighted",-1.32286091146452
"bpm",33,"lme4_unweighted",-1.7686113042636
"bpm",34,"lme4_unweighted",-2.26312099303644
"bpm",35,"lme4_unweighted",-2.80140421741377
"bpm",36,"lme4_unweighted",-3.37847521702632
"bpm",19,"lme4_weighted",-3.82240192180868
"bpm",20,"lme4_weighted",-2.61607181397106
"bpm",21,"lme4_weighted",-1.67611243515533
"bpm",22,"lme4_weighted",-0.973345504774413
"bpm",23,"lme4_weighted",-0.478592742241228
"bpm",24,"lme4_weighted",-0.162675866968698
"bpm",25,"lme4_weighted",0.00358340163025689
"bpm",26,"lme4_weighted",0.049363344142714
"bpm",27,"lme4_weighted",0
"bpm",28,"lme4_weighted",-0.134539555989584
"bpm",29,"lme4_weighted",-0.348130490173484
"bpm",30,"lme4_weighted",-0.634647968899154
"bpm",31,"lme4_weighted",-0.98796715851404
"bpm",32,"lme4_weighted",-1.40196322536559
"bpm",33,"lme4_weighted",-1.87051133580127
"bpm",34,"lme4_weighted",-2.38748665616851
"bpm",35,"lme4_weighted",-2.94676435281476
"bpm",36,"lme4_weighted",-3.54221959208749
"drb_pct",19,"lme4_unweighted",-1.61807496590337
"drb_pct",20,"lme4_unweighted",-1.10985210062531
"drb_pct",21,"lme4_unweighted",-0.720678213541209
"drb_pct",22,"lme4_unweighted",-0.434691230820588
"drb_pct",23,"lme4_unweighted",-0.236029078632987
"drb_pct",24,"lme4_unweighted",-0.108829683147929
"drb_pct",25,"lme4_unweighted",-0.0372309705349512
"drb_pct",26,"lme4_unweighted",-0.00537086696358458
"drb_pct",27,"lme4_unweighted",0
"drb_pct",28,"lme4_unweighted",-0.01831980279694
"drb_pct",29,"lme4_unweighted",-0.0601444099037831
"drb_pct",30,"lme4_unweighted",-0.125287955869913
"drb_pct",31,"lme4_unweighted",-0.213564575244707
"drb_pct",32,"lme4_unweighted",-0.32478840257755
"drb_pct",33,"lme4_unweighted",-0.458773572417822
"drb_pct",34,"lme4_unweighted",-0.615334219314905
"drb_pct",35,"lme4_unweighted",-0.794284477818179
"drb_pct",36,"lme4_unweighted",-0.995438482477024
"drb_pct",19,"lme4_weighted",-1.6948849088105
"drb_pct",20,"lme4_weighted",-1.1712977406824
"drb_pct",21,"lme4_weighted",-0.767809944628558
"drb_pct",22,"lme4_weighted",-0.468858500667992
"drb_pct",23,"lme4_weighted",-0.258880388819689
"drb_pct",24,"lme4_weighted",-0.122312589102647
"drb_pct",25,"lme4_weighted",-0.0435920815358664
"drb_pct",26,"lme4_weighted",-0.00715584613834075
"drb_pct",27,"lme4_weighted",0
"drb_pct",28,"lme4_weighted",-0.0193572084944904
"drb_pct",29,"lme4_weighted",-0.0650192740663904
"drb_pct",30,"lme4_weighted",-0.136777999160273
"drb_pct",31,"lme4_weighted",-0.234425186220722
"drb_pct",32,"lme4_weighted",-0.357752637692311
"drb_pct",33,"lme4_weighted",-0.506552156019616
"drb_pct",34,"lme4_weighted",-0.680615543647216
"drb_pct",35,"lme4_weighted",-0.879734603019687
"drb_pct",36,"lme4_weighted",-1.10370113658161
"fg3_pct",19,"lme4_unweighted",-0.0316146817179966
"fg3_pct",20,"lme4_unweighted",-0.0265867043584868
"fg3_pct",21,"lme4_unweighted",-0.0216727103718726
"fg3_pct",22,"lme4_unweighted",-0.0169698484872553
"fg3_pct",23,"lme4_unweighted",-0.0125752674337357
"fg3_pct",24,"lme4_unweighted",-0.0085861159404152
"fg3_pct",25,"lme4_unweighted",-0.00509954273639474
"fg3_pct",26,"lme4_unweighted",-0.00221269655077544
"fg3_pct",27,"lme4_unweighted",0
"fg3_pct",28,"lme4_unweighted",0.00155502875012287
"fg3_pct",29,"lme4_unweighted",0.00249159764644263
"fg3_pct",30,"lme4_unweighted",0.00284891463580883
"fg3_pct",31,"lme4_unweighted",0.0026661876650711
"fg3_pct",32,"lme4_unweighted",0.00198262468107913
"fg3_pct",33,"lme4_unweighted",0.000837433630682283
"fg3_pct",34,"lme4_unweighted",-0.000730177539269738
"fg3_pct",35,"lme4_unweighted",-0.00268100088192724
"fg3_pct",36,"lme4_unweighted",-0.00497582845044087
"fg3_pct",19,"lme4_weighted",-0.0296574278031039
"fg3_pct",20,"lme4_weighted",-0.0224250904337581
"fg3_pct",21,"lme4_weighted",-0.0165533000688416
"fg3_pct",22,"lme4_weighted",-0.011864786727215
"fg3_pct",23,"lme4_weighted",-0.00818228042773844
"fg3_pct",24,"lme4_weighted",-0.00532851118927247
"fg3_pct",25,"lme4_weighted",-0.00312620903067734
"fg3_pct",26,"lme4_weighted",-0.00139810397081341
"fg3_pct",27,"lme4_weighted",0
"fg3_pct",28,"lme4_weighted",0.00108000300560812
"fg3_pct",29,"lme4_weighted",0.00182073119839704
"fg3_pct",30,"lme4_weighted",0.00220101073075318
"fg3_pct",31,"lme4_weighted",0.00219966775506264
"fg3_pct",32,"lme4_weighted",0.00179552842371178
"fg3_pct",33,"lme4_weighted",0.000967418889086691
"fg3_pct",34,"lme4_weighted",-0.00030583469642631
"fg3_pct",35,"lme4_weighted",-0.00204540618044091
"fg3_pct",36,"lme4_weighted",-0.00427246941057097
"fg3a_rate",19,"lme4_unweighted",-0.0595962449391639
"fg3a_rate",20,"lme4_unweighted",-0.0605403688182371
"fg3a_rate",21,"lme4_unweighted",-0.0578831539503399
"fg3a_rate",22,"lme4_unweighted",-0.0522286841843395
"fg3a_rate",23,"lme4_unweighted",-0.0441810433691031
"fg3a_rate",24,"lme4_unweighted",-0.0343443153534979
"fg3a_rate",25,"lme4_unweighted",-0.023322583986391
"fg3a_rate",26,"lme4_unweighted",-0.0117199331166497
"fg3a_rate",27,"lme4_unweighted",0
"fg3a_rate",28,"lme4_unweighted",0.0119353644803967
"fg3a_rate",29,"lme4_unweighted",0.0243247560345197
"fg3a_rate",30,"lme4_unweighted",0.037406770372349
"fg3a_rate",31,"lme4_unweighted",0.051420003203864
"fg3a_rate",32,"lme4_unweighted",0.0666030502390444
"fg3a_rate",33,"lme4_unweighted",0.0831945071878697
"fg3a_rate",34,"lme4_unweighted",0.10143296976032
"fg3a_rate",35,"lme4_unweighted",0.121557033666374
"fg3a_rate",36,"lme4_unweighted",0.143805294616012
"fg3a_rate",19,"lme4_weighted",-0.0638950280229543
"fg3a_rate",20,"lme4_weighted",-0.0633469781245228
"fg3a_rate",21,"lme4_weighted",-0.0594923534290871
"fg3a_rate",22,"lme4_weighted",-0.0529244006467581
"fg3a_rate",23,"lme4_weighted",-0.0442363664876466
"fg3a_rate",24,"lme4_weighted",-0.0340214976618633
"fg3a_rate",25,"lme4_weighted",-0.022873040879519
"fg3a_rate",26,"lme4_weighted",-0.0113842428507245
"fg3a_rate",27,"lme4_weighted",0
"fg3a_rate",28,"lme4_weighted",0.0114281923904968
"fg3a_rate",29,"lme4_weighted",0.0231971893241985
"fg3a_rate",30,"lme4_weighted",0.0356038458045381
"fg3a_rate",31,"lme4_weighted",0.0489450168349483
"fg3a_rate",32,"lme4_weighted",0.0635175574188618
"fg3a_rate",33,"lme4_weighted",0.0796183225597116
"fg3a_rate",34,"lme4_weighted",0.0975441672609303
"fg3a_rate",35,"lme4_weighted",0.117591946525951
"fg3a_rate",36,"lme4_weighted",0.140058515358206
"ft_pct",19,"lme4_unweighted",-0.0438286835992329
"ft_pct",20,"lme4_unweighted",-0.0329111247332295
"ft_pct",21,"lme4_unweighted",-0.0237941658706312
"ft_pct",22,"lme4_unweighted",-0.0163543832529182
"ft_pct",23,"lme4_unweighted",-0.0104683531215712
"ft_pct",24,"lme4_unweighted",-0.00601265171807097
"ft_pct",25,"lme4_unweighted",-0.00286385528389799
"ft_pct",26,"lme4_unweighted",-0.000898540060533026
"ft_pct",27,"lme4_unweighted",0
"ft_pct",28,"lme4_unweighted",-7.8399896496606e-05
"ft_pct",29,"lme4_unweighted",-0.00105062225476393
"ft_pct",30,"lme4_unweighted",-0.00283354957954285
"ft_pct",31,"lme4_unweighted",-0.00534406437557478
"ft_pct",32,"lme4_unweighted",-0.00849904914760058
"ft_pct",33,"lme4_unweighted",-0.0122153864003612
"ft_pct",34,"lme4_unweighted",-0.0164099586385982
"ft_pct",35,"lme4_unweighted",-0.020999648367052
"ft_pct",36,"lme4_unweighted",-0.0259013380904641
"ft_pct",19,"lme4_weighted",-0.0461485459902596
"ft_pct",20,"lme4_weighted",-0.0359022139282096
"ft_pct",21,"lme4_weighted",-0.0269052420354293
"ft_pct",22,"lme4_weighted",-0.0191732095356344
"ft_pct",23,"lme4_weighted",-0.0127216956525404
"ft_pct",24,"lme4_weighted",-0.00756627960986322
"ft_pct",25,"lme4_weighted",-0.00372254063131816
"ft_pct",26,"lme4_weighted",-0.00120605794062101
"ft_pct",27,"lme4_weighted",0
"ft_pct",28,"lme4_weighted",4.21077742644993e-05
"ft_pct",29,"lme4_weighted",-0.000900849272620241
"ft_pct",30,"lme4_weighted",-0.00264998579544717
"ft_pct",31,"lme4_weighted",-0.00502641644900959
"ft_pct",32,"lme4_weighted",-0.0078512558881001
"ft_pct",33,"lme4_weighted",-0.0109456187675115
"ft_pct",34,"lme4_weighted",-0.0141306197420371
"ft_pct",35,"lme4_weighted",-0.0172273734664696
"ft_pct",36,"lme4_weighted",-0.0200569945956021
"mp",19,"lme4_unweighted",-329.216554509645
"mp",20,"lme4_unweighted",-258.68412021084
"mp",21,"lme4_unweighted",-188.420036505281
"mp",22,"lme4_unweighted",-122.504423848324
"mp",23,"lme4_unweighted",-65.0174026953218
"mp",24,"lme4_unweighted",-20.0390935016276
"mp",25,"lme4_unweighted",8.35038327740494
"mp",26,"lme4_unweighted",16.0709071864217
"mp",27,"lme4_unweighted",0
"mp",28,"lme4_unweighted",-39.1542475875617
"mp",29,"lme4_unweighted",-99.7261026520343
"mp",30,"lme4_unweighted",-180.049832269189
"mp",31,"lme4_unweighted",-278.459703514797
"mp",32,"lme4_unweighted",-393.289983464628
"mp",33,"lme4_unweighted",-522.874939194454
"mp",34,"lme4_unweighted",-665.548837780047
"mp",35,"lme4_unweighted",-819.645946297176
"mp",36,"lme4_unweighted",-983.500531821613
"mp",19,"lme4_weighted",-329.216554509645
"mp",20,"lme4_weighted",-258.68412021084
"mp",21,"lme4_weighted",-188.420036505281
"mp",22,"lme4_weighted",-122.504423848324
"mp",23,"lme4_weighted",-65.0174026953218
"mp",24,"lme4_weighted",-20.0390935016276
"mp",25,"lme4_weighted",8.35038327740494
"mp",26,"lme4_weighted",16.0709071864217
"mp",27,"lme4_weighted",0
"mp",28,"lme4_weighted",-39.1542475875617
"mp",29,"lme4_weighted",-99.7261026520343
"mp",30,"lme4_weighted",-180.049832269189
"mp",31,"lme4_weighted",-278.459703514797
"mp",32,"lme4_weighted",-393.289983464628
"mp",33,"lme4_weighted",-522.874939194454
"mp",34,"lme4_weighted",-665.548837780047
"mp",35,"lme4_weighted",-819.645946297176
"mp",36,"lme4_weighted",-983.500531821613
"rim_fg_pct",19,"lme4_unweighted",-0.0398955391633503
"rim_fg_pct",20,"lme4_unweighted",-0.0259284204559127
"rim_fg_pct",21,"lme4_unweighted",-0.0156831755345115
"rim_fg_pct",22,"lme4_unweighted",-0.00857990318089707
"rim_fg_pct",23,"lme4_unweighted",-0.00403870217681979
"rim_fg_pct",24,"lme4_unweighted",-0.00147967130403004
"rim_fg_pct",25,"lme4_unweighted",-0.000322909344277922
"rim_fg_pct",26,"lme4_unweighted",1.14849206857004e-05
"rim_fg_pct",27,"lme4_unweighted",0
"rim_fg_pct",28,"lme4_unweighted",-0.000294526433640696
"rim_fg_pct",29,"lme4_unweighted",-0.000912669416652578
"rim_fg_pct",30,"lme4_unweighted",-0.00189500398545184
"rim_fg_pct",31,"lme4_unweighted",-0.003282105176455
"rim_fg_pct",32,"lme4_unweighted",-0.00511454802607814
"rim_fg_pct",33,"lme4_unweighted",-0.00743290757073756
"rim_fg_pct",34,"lme4_unweighted",-0.0102777588468498
"rim_fg_pct",35,"lme4_unweighted",-0.0136896768908308
"rim_fg_pct",36,"lme4_unweighted",-0.0177092367390971
"rim_fg_pct",19,"lme4_weighted",-0.0490580183081507
"rim_fg_pct",20,"lme4_weighted",-0.0322110179797165
"rim_fg_pct",21,"lme4_weighted",-0.0197684261767211
"rim_fg_pct",22,"lme4_weighted",-0.0110567226246774
"rim_fg_pct",23,"lme4_weighted",-0.00540238704909779
"rim_fg_pct",24,"lme4_weighted",-0.00213189917549472
"rim_fg_pct",25,"lme4_weighted",-0.000571738729380988
"rim_fg_pct",26,"lme4_weighted",-4.83854362687275e-05
"rim_fg_pct",27,"lme4_weighted",0
"rim_fg_pct",28,"lme4_weighted",-0.000311467037732993
"rim_fg_pct",29,"lme4_weighted",-0.000979352144955814
"rim_fg_pct",30,"lme4_weighted",-0.00200022091715624
"rim_fg_pct",31,"lme4_weighted",-0.00337063894982192
"rim_fg_pct",32,"lme4_weighted",-0.00508717183844087
"rim_fg_pct",33,"lme4_weighted",-0.00714638517850053
"rim_fg_pct",34,"lme4_weighted",-0.00954484456548899
"rim_fg_pct",35,"lme4_weighted",-0.0122791155948939
"rim_fg_pct",36,"lme4_weighted",-0.0153457638622032
"rim_share",19,"lme4_unweighted",0.0621482038429726
"rim_share",20,"lme4_unweighted",0.0581423190479335
"rim_share",21,"lme4_unweighted",0.0520490882424499
"rim_share",22,"lme4_unweighted",0.0443767771159679
"rim_share",23,"lme4_unweighted",0.0356336513579331
"rim_share",24,"lme4_unweighted",0.0263279766577914
"rim_share",25,"lme4_unweighted",0.0169680187049886
"rim_share",26,"lme4_unweighted",0.00806204318897047
"rim_share",27,"lme4_unweighted",0
"rim_share",28,"lme4_unweighted",-0.00730142416839163
"rim_share",29,"lme4_unweighted",-0.0140438584218561
"rim_share",30,"lme4_unweighted",-0.0204289318660449
"rim_share",31,"lme4_unweighted",-0.02665827360661
"rim_share",32,"lme4_unweighted",-0.0329335127492029
"rim_share",33,"lme4_unweighted",-0.0394562783994752
"rim_share",34,"lme4_unweighted",-0.0464281996630787
"rim_share",35,"lme4_unweighted",-0.0540509056456651
"rim_share",36,"lme4_unweighted",-0.0625260254528858
"rim_share",19,"lme4_weighted",0.0680413303377682
"rim_share",20,"lme4_weighted",0.0601286703663955
"rim_share",21,"lme4_weighted",0.0515036856090959
"rim_share",22,"lme4_weighted",0.0424394985030661
"rim_share",23,"lme4_weighted",0.0332092314855026
"rim_share",24,"lme4_weighted",0.0240860069936019
"rim_share",25,"lme4_weighted",0.0153429474645606
"rim_share",26,"lme4_weighted",0.00725317533557507
"rim_share",27,"lme4_weighted",0
"rim_share",28,"lme4_weighted",-0.00659252132417826
"rim_share",29,"lme4_weighted",-0.012790144462815
"rim_share",30,"lme4_weighted",-0.0188586252417658
"rim_share",31,"lme4_weighted",-0.0250637194868864
"rim_share",32,"lme4_weighted",-0.031671183024032
"rim_share",33,"lme4_weighted",-0.0389467716790584
"rim_share",34,"lme4_weighted",-0.0471562412778209
"rim_share",35,"lme4_weighted",-0.056565347646175
"rim_share",36,"lme4_weighted",-0.0674398466099764
"shotmaking",19,"lme4_unweighted",-0.0370587095402056
"shotmaking",20,"lme4_unweighted",-0.026293555152128
"shotmaking",21,"lme4_unweighted",-0.0178670739172326
"shotmaking",22,"lme4_unweighted",-0.0114852573296533
"shotmaking",23,"lme4_unweighted",-0.00685409688352366
"shotmaking",24,"lme4_unweighted",-0.00367958407297754
"shotmaking",25,"lme4_unweighted",-0.00166771039214861
"shotmaking",26,"lme4_unweighted",-0.000524467335170632
"shotmaking",27,"lme4_unweighted",0
"shotmaking",28,"lme4_unweighted",-2.10678998840272e-05
"shotmaking",29,"lme4_unweighted",-0.000558584151892661
"shotmaking",30,"lme4_unweighted",-0.00158346187309588
"shotmaking",31,"lme4_unweighted",-0.00306661418056365
"shotmaking",32,"lme4_unweighted",-0.00497895419136594
"shotmaking",33,"lme4_unweighted",-0.00729139502257273
"shotmaking",34,"lme4_unweighted",-0.00997484979125398
"shotmaking",35,"lme4_unweighted",-0.0130002316144797
"shotmaking",36,"lme4_unweighted",-0.0163384536093198
"shotmaking",19,"lme4_weighted",-0.0397975904545421
"shotmaking",20,"lme4_weighted",-0.0277485544102859
"shotmaking",21,"lme4_weighted",-0.0184890946095379
"shotmaking",22,"lme4_weighted",-0.0116339455842962
"shotmaking",23,"lme4_weighted",-0.00679784186655885
"shotmaking",24,"lme4_weighted",-0.00359551798832397
"shotmaking",25,"lme4_weighted",-0.00164170848158958
"shotmaking",26,"lme4_weighted",-0.000551147878353769
"shotmaking",27,"lme4_weighted",0
"shotmaking",28,"lme4_weighted",8.98541745464141e-05
"shotmaking",29,"lme4_weighted",-0.000264895623025176
"shotmaking",30,"lme4_weighted",-0.00104755966102549
"shotmaking",31,"lme4_weighted",-0.0022414482077652
"shotmaking",32,"lme4_weighted",-0.003829871531555
"shotmaking",33,"lme4_weighted",-0.00579613990070559
"shotmaking",34,"lme4_weighted",-0.00812356358352766
"shotmaking",35,"lme4_weighted",-0.0107954528483319
"shotmaking",36,"lme4_weighted",-0.013795117963429
"stl_pct",19,"lme4_unweighted",-0.0740128025036999
"stl_pct",20,"lme4_unweighted",-0.00886930570302624
"stl_pct",21,"lme4_unweighted",0.0330373138913498
"stl_pct",22,"lme4_unweighted",0.0553497144269062
"stl_pct",23,"lme4_unweighted",0.0617105540511196
"stl_pct",24,"lme4_unweighted",0.0557624909114682
"stl_pct",25,"lme4_unweighted",0.041148183155429
"stl_pct",26,"lme4_unweighted",0.0215102889304792
"stl_pct",27,"lme4_unweighted",0
"stl_pct",28,"lme4_unweighted",-0.0221973574090142
"stl_pct",29,"lme4_unweighted",-0.0443879234536646
"stl_pct",30,"lme4_unweighted",-0.0658778382910539
"stl_pct",31,"lme4_unweighted",-0.0859732420782835
"stl_pct",32,"lme4_unweighted",-0.103980274972455
"stl_pct",33,"lme4_unweighted",-0.119205077130671
"stl_pct",34,"lme4_unweighted",-0.130953788710033
"stl_pct",35,"lme4_unweighted",-0.138532549867642
"stl_pct",36,"lme4_unweighted",-0.141247500760601
"stl_pct",19,"lme4_weighted",-0.0741350600560469
"stl_pct",20,"lme4_weighted",-0.0113708973147026
"stl_pct",21,"lme4_weighted",0.0299125870591783
"stl_pct",22,"lme4_weighted",0.0528193995580408
"stl_pct",23,"lme4_weighted",0.0604535466743297
"stl_pct",24,"lme4_weighted",0.0559190349004894
"stl_pct",25,"lme4_weighted",0.0423198707289649
"stl_pct",26,"lme4_weighted",0.0227600606522012
"stl_pct",27,"lme4_weighted",0
"stl_pct",28,"lme4_weighted",-0.0245743605484083
"stl_pct",29,"lme4_weighted",-0.049920681476435
"stl_pct",30,"lme4_weighted",-0.0749966232674928
"stl_pct",31,"lme4_weighted",-0.0987598464049937
"stl_pct",32,"lme4_weighted",-0.120168011372349
"stl_pct",33,"lme4_weighted",-0.138178778652972
"stl_pct",34,"lme4_weighted",-0.151749808730274
"stl_pct",35,"lme4_weighted",-0.159838762087667
"stl_pct",36,"lme4_weighted",-0.161403299208564
"tov_pct",19,"lme4_unweighted",1.59462603491526
"tov_pct",20,"lme4_unweighted",1.21109932610605
"tov_pct",21,"lme4_unweighted",0.880945757137033
"tov_pct",22,"lme4_unweighted",0.603800656801576
"tov_pct",23,"lme4_unweighted",0.379299353893021
"tov_pct",24,"lme4_unweighted",0.207077177204724
"tov_pct",25,"lme4_unweighted",0.0867694555300353
"tov_pct",26,"lme4_unweighted",0.0180115176623055
"tov_pct",27,"lme4_unweighted",0
"tov_pct",28,"lme4_unweighted",0.0301767693620416
"tov_pct",29,"lme4_unweighted",0.105545000172457
"tov_pct",30,"lme4_unweighted",0.223107866855283
"tov_pct",31,"lme4_unweighted",0.379868543834551
"tov_pct",32,"lme4_unweighted",0.572830205534297
"tov_pct",33,"lme4_unweighted",0.798996026378546
"tov_pct",34,"lme4_unweighted",1.05536918079133
"tov_pct",35,"lme4_unweighted",1.3389528431967
"tov_pct",36,"lme4_unweighted",1.64675018801867
"tov_pct",19,"lme4_weighted",1.72607484798435
"tov_pct",20,"lme4_weighted",1.30750434652494
"tov_pct",21,"lme4_weighted",0.95001611246172
"tov_pct",22,"lme4_weighted",0.652049545911844
"tov_pct",23,"lme4_weighted",0.412044046992486
"tov_pct",24,"lme4_weighted",0.228439015820816
"tov_pct",25,"lme4_weighted",0.0996738525139982
"tov_pct",26,"lme4_weighted",0.0241879571892039
"tov_pct",27,"lme4_weighted",0
"tov_pct",28,"lme4_weighted",0.0234457312455554
"tov_pct",29,"lme4_weighted",0.090440171261438
"tov_pct",30,"lme4_weighted",0.196898340383219
"tov_pct",31,"lme4_weighted",0.338735258946469
"tov_pct",32,"lme4_weighted",0.511865947286756
"tov_pct",33,"lme4_weighted",0.712205425739649
"tov_pct",34,"lme4_weighted",0.935668714640714
"tov_pct",35,"lme4_weighted",1.17817083432553
"tov_pct",36,"lme4_weighted",1.43562680512966
"xfg_pct",19,"lme4_unweighted",0.00622333908476252
"xfg_pct",20,"lme4_unweighted",0.00667674971136989
"xfg_pct",21,"lme4_unweighted",0.00642965983373894
"xfg_pct",22,"lme4_unweighted",0.00565716130911237
"xfg_pct",23,"lme4_unweighted",0.00453434599473268
"xfg_pct",24,"lme4_unweighted",0.00323630574784245
"xfg_pct",25,"lme4_unweighted",0.0019381324256843
"xfg_pct",26,"lme4_unweighted",0.000814917885500754
"xfg_pct",27,"lme4_unweighted",0
"xfg_pct",28,"lme4_unweighted",-0.000540299296248659
"xfg_pct",29,"lme4_unweighted",-0.000881412053209907
"xfg_pct",30,"lme4_unweighted",-0.00109877032084882
"xfg_pct",31,"lme4_unweighted",-0.00126780614913025
"xfg_pct",32,"lme4_unweighted",-0.00146395158801937
"xfg_pct",33,"lme4_unweighted",-0.00176263868748089
"xfg_pct",34,"lme4_unweighted",-0.00223929949747986
"xfg_pct",35,"lme4_unweighted",-0.00296936606798126
"xfg_pct",36,"lme4_unweighted",-0.00402827044894993
"xfg_pct",19,"lme4_weighted",0.00801851981966856
"xfg_pct",20,"lme4_weighted",0.00752574480146806
"xfg_pct",21,"lme4_weighted",0.00661408223731802
"xfg_pct",22,"lme4_weighted",0.0054209090243798
"xfg_pct",23,"lme4_weighted",0.00408360205981501
"xfg_pct",24,"lme4_weighted",0.00273953824078493
"xfg_pct",25,"lme4_weighted",0.00152609446445107
"xfg_pct",26,"lme4_weighted",0.000580647627974773
"xfg_pct",27,"lme4_weighted",0
"xfg_pct",28,"lme4_weighted",-0.000281344664899763
"xfg_pct",29,"lme4_weighted",-0.000369457240668558
"xfg_pct",30,"lme4_weighted",-0.000370408601250205
"xfg_pct",31,"lme4_weighted",-0.000390269620588746
"xfg_pct",32,"lme4_weighted",-0.000535111172628278
"xfg_pct",33,"lme4_weighted",-0.000911004131312787
"xfg_pct",34,"lme4_weighted",-0.0016240193705862
"xfg_pct",35,"lme4_weighted",-0.00278022776439252
"xfg_pct",36,"lme4_weighted",-0.00448570018667582
