"stat","season","model","rmse"
"ast_pct",2023,"lme4_unweighted",3.78592338821444
"ast_pct",2024,"lme4_unweighted",4.29265182227178
"ast_pct",2025,"lme4_unweighted",3.90174800068386
"ast_pct",2026,"lme4_unweighted",4.74067371180171
"ast_pct",2023,"lme4_weighted",3.82017130966506
"ast_pct",2024,"lme4_weighted",4.25118459936171
"ast_pct",2025,"lme4_weighted",3.85210264096508
"ast_pct",2026,"lme4_weighted",4.67968596245477
"blk_pct",2023,"lme4_unweighted",0.741440420739025
"blk_pct",2024,"lme4_unweighted",0.62277022406377
"blk_pct",2025,"lme4_unweighted",0.590799438217319
"blk_pct",2026,"lme4_unweighted",0.683237034977236
"blk_pct",2023,"lme4_weighted",0.734062563206678
"blk_pct",2024,"lme4_weighted",0.617799870068934
"blk_pct",2025,"lme4_weighted",0.590483320592761
"blk_pct",2026,"lme4_weighted",0.681729322327822
"bpm",2023,"lme4_unweighted",1.59691901066476
"bpm",2024,"lme4_unweighted",1.67953170196722
"bpm",2025,"lme4_unweighted",1.70049843869742
"bpm",2026,"lme4_unweighted",1.8418163836522
"bpm",2023,"lme4_weighted",1.57357375384419
"bpm",2024,"lme4_weighted",1.65641120162084
"bpm",2025,"lme4_weighted",1.68307100690439
"bpm",2026,"lme4_weighted",1.8029151297752
"drb_pct",2023,"lme4_unweighted",2.38621826749571
"drb_pct",2024,"lme4_unweighted",2.46491915610913
"drb_pct",2025,"lme4_unweighted",2.55124402766353
"drb_pct",2026,"lme4_unweighted",2.54149125149644
"drb_pct",2023,"lme4_weighted",2.41640669614015
"drb_pct",2024,"lme4_weighted",2.48568021990544
"drb_pct",2025,"lme4_weighted",2.57614755284578
"drb_pct",2026,"lme4_weighted",2.55584183685282
"fg3_pct",2023,"lme4_unweighted",0.0682442835774663
"fg3_pct",2024,"lme4_unweighted",0.0811937809899353
"fg3_pct",2025,"lme4_unweighted",0.0645833935099745
"fg3_pct",2026,"lme4_unweighted",0.0934125008107794
"fg3_pct",2023,"lme4_weighted",0.0730624866279479
"fg3_pct",2024,"lme4_weighted",0.0857570686516994
"fg3_pct",2025,"lme4_weighted",0.0673401670105875
"fg3_pct",2026,"lme4_weighted",0.0792640134935555
"fg3a_rate",2023,"lme4_unweighted",0.0980607490213216
"fg3a_rate",2024,"lme4_unweighted",0.0883925617974229
"fg3a_rate",2025,"lme4_unweighted",0.0879595133717942
"fg3a_rate",2026,"lme4_unweighted",0.0967202583812207
"fg3a_rate",2023,"lme4_weighted",0.0982797456819377
"fg3a_rate",2024,"lme4_weighted",0.090091161294155
"fg3a_rate",2025,"lme4_weighted",0.089380162492822
"fg3a_rate",2026,"lme4_weighted",0.0971399564239858
"ft_pct",2023,"lme4_unweighted",0.0596903711179481
"ft_pct",2024,"lme4_unweighted",0.0566624391613563
"ft_pct",2025,"lme4_unweighted",0.0634795649965931
"ft_pct",2026,"lme4_unweighted",0.0613456510944176
"ft_pct",2023,"lme4_weighted",0.0581880362801601
"ft_pct",2024,"lme4_weighted",0.0560180650367144
"ft_pct",2025,"lme4_weighted",0.0635878352191818
"ft_pct",2026,"lme4_weighted",0.060483078720387
"mp",2023,"lme4_unweighted",538.387370079823
"mp",2024,"lme4_unweighted",536.036207379343
"mp",2025,"lme4_unweighted",518.35872993154
"mp",2026,"lme4_unweighted",540.735352925758
"mp",2023,"lme4_weighted",538.387370079823
"mp",2024,"lme4_weighted",536.036207379343
"mp",2025,"lme4_weighted",518.35872993154
"mp",2026,"lme4_weighted",540.735352925758
"rim_fg_pct",2023,"lme4_unweighted",0.0649029667573726
"rim_fg_pct",2024,"lme4_unweighted",0.0605919091831572
"rim_fg_pct",2025,"lme4_unweighted",0.0594665266583226
"rim_fg_pct",2026,"lme4_unweighted",0.0626396448913738
"rim_fg_pct",2023,"lme4_weighted",0.0616018054302166
"rim_fg_pct",2024,"lme4_weighted",0.0575511527133997
"rim_fg_pct",2025,"lme4_weighted",0.0565313732174164
"rim_fg_pct",2026,"lme4_weighted",0.0605457717263198
"rim_share",2023,"lme4_unweighted",0.0748652855163061
"rim_share",2024,"lme4_unweighted",0.0697665855309694
"rim_share",2025,"lme4_unweighted",0.0677167103789358
"rim_share",2026,"lme4_unweighted",0.076457479485184
"rim_share",2023,"lme4_weighted",0.0759736074494249
"rim_share",2024,"lme4_weighted",0.0719126556881527
"rim_share",2025,"lme4_weighted",0.0686274425133549
"rim_share",2026,"lme4_weighted",0.077743716734819
"shotmaking",2023,"lme4_unweighted",0.0293557222067558
"shotmaking",2024,"lme4_unweighted",0.0297426563929774
"shotmaking",2025,"lme4_unweighted",0.0275201339416207
"shotmaking",2026,"lme4_unweighted",0.0310242911432981
"shotmaking",2023,"lme4_weighted",0.0295836521123394
"shotmaking",2024,"lme4_weighted",0.0296051464911172
"shotmaking",2025,"lme4_weighted",0.0277735482487921
"shotmaking",2026,"lme4_weighted",0.0308143954758054
"stl_pct",2023,"lme4_unweighted",0.337770779087153
"stl_pct",2024,"lme4_unweighted",0.328381044139392
"stl_pct",2025,"lme4_unweighted",0.402559225495091
"stl_pct",2026,"lme4_unweighted",0.43007086127297
"stl_pct",2023,"lme4_weighted",0.331673253226066
"stl_pct",2024,"lme4_weighted",0.326857816735826
"stl_pct",2025,"lme4_weighted",0.40068305307688
"stl_pct",2026,"lme4_weighted",0.43420499007076
"tov_pct",2023,"lme4_unweighted",2.07303696905413
"tov_pct",2024,"lme4_unweighted",2.16191081339936
"tov_pct",2025,"lme4_unweighted",2.16705488861452
"tov_pct",2026,"lme4_unweighted",2.03380136050334
"tov_pct",2023,"lme4_weighted",2.05770174200252
"tov_pct",2024,"lme4_weighted",2.11320878907222
"tov_pct",2025,"lme4_weighted",2.18458464060237
"tov_pct",2026,"lme4_weighted",2.02335735145863
"xfg_pct",2023,"lme4_unweighted",0.0276774422557255
"xfg_pct",2024,"lme4_unweighted",0.0226784633170366
"xfg_pct",2025,"lme4_unweighted",0.0220017011555598
"xfg_pct",2026,"lme4_unweighted",0.025151214206889
"xfg_pct",2023,"lme4_weighted",0.0288443855901892
"xfg_pct",2024,"lme4_weighted",0.0236354629032818
"xfg_pct",2025,"lme4_weighted",0.0221177155782571
"xfg_pct",2026,"lme4_weighted",0.0259406090796574
