skill,age,method,change,low,high
AST%,19,Naive delta method,-6.38279471929712,-6.984495386372394,-5.7036611108246325
AST%,20,Naive delta method,-4.827518390130751,-5.314074219023565,-4.22647153702842
AST%,21,Naive delta method,-3.574870079745552,-3.953717824272712,-3.075217016820615
AST%,22,Naive delta method,-2.2125166331655386,-2.6145486528328172,-1.8032035169819904
AST%,23,Naive delta method,-1.4598020237709974,-1.7970315786802218,-1.1014633472230595
AST%,24,Naive delta method,-0.8761310325538245,-1.1270883982163546,-0.6030709732157029
AST%,25,Naive delta method,-0.4705299009770574,-0.6992620447611871,-0.2133474740870464
AST%,26,Naive delta method,0.0260504675016362,-0.1603647041099757,0.2177905073669321
AST%,27,Naive delta method,0.0,0.0,0.0
AST%,28,Naive delta method,-0.2183965655296642,-0.4356042717267921,0.0134849989579313
AST%,29,Naive delta method,-0.556530332860917,-0.860710614290265,-0.2635200117327964
AST%,30,Naive delta method,-0.8583017041004526,-1.1986386702145422,-0.5385325596710817
AST%,31,Naive delta method,-1.099397206180364,-1.466575117919542,-0.698220849519965
AST%,32,Naive delta method,-1.4360300430475057,-1.8494755817170352,-0.963371651440546
AST%,33,Naive delta method,-2.058138282827592,-2.5261691948095577,-1.614183615209136
AST%,34,Naive delta method,-2.882695792140537,-3.4024034013187823,-2.3492126871787757
AST%,35,Naive delta method,-3.111499984974139,-3.705578910091504,-2.4413930202475487
AST%,36,Naive delta method,-3.378424499520836,-4.037485589264178,-2.6663809447455815
AST%,19,Survivorship-corrected,-6.327116025056115,-6.941365024294945,-5.7491867129004035
AST%,20,Survivorship-corrected,-4.83058459690961,-5.318690804151739,-4.331611527855947
AST%,21,Survivorship-corrected,-3.6139147096923416,-3.999097572931752,-3.217382925366404
AST%,22,Survivorship-corrected,-2.254261420145464,-2.615186836787473,-1.916021734320439
AST%,23,Survivorship-corrected,-1.4533749641016342,-1.7964876290797769,-1.1732462198451612
AST%,24,Survivorship-corrected,-0.8960940453852846,-1.1638193348134478,-0.6329068075648552
AST%,25,Survivorship-corrected,-0.4886974185859492,-0.7314095214376268,-0.2147951865634013
AST%,26,Survivorship-corrected,0.0129861678001734,-0.2056850109579928,0.2019792866120323
AST%,27,Survivorship-corrected,0.0,0.0,0.0
AST%,28,Survivorship-corrected,-0.2120664820431788,-0.4388300545293287,0.009116820298823
AST%,29,Survivorship-corrected,-0.5420684803277052,-0.8084025501153764,-0.290221024022504
AST%,30,Survivorship-corrected,-0.7880937021641925,-1.1068283639076375,-0.5157221382108035
AST%,31,Survivorship-corrected,-1.0060007307217331,-1.2874032868169536,-0.6539881519993209
AST%,32,Survivorship-corrected,-1.2769898813019411,-1.643719863304467,-0.8656390751428072
AST%,33,Survivorship-corrected,-1.8573075846161409,-2.2539352467842773,-1.4464811179467496
AST%,34,Survivorship-corrected,-2.6283434584140135,-3.028193477858302,-2.115600739380442
AST%,35,Survivorship-corrected,-2.8318738942167823,-3.4252760164880915,-2.2337819837311006
AST%,36,Survivorship-corrected,-3.0641585122187163,-3.678018587423507,-2.3759279082608855
AST%,19,Mixed-effects model,-5.183531309332501,,
AST%,20,Mixed-effects model,-3.843886618990211,,
AST%,21,Mixed-effects model,-2.7336606774197385,,
AST%,22,Mixed-effects model,-1.836931668345926,,
AST%,23,Mixed-effects model,-1.1377777754936125,,
AST%,24,Mixed-effects model,-0.6202771825876372,,
AST%,25,Mixed-effects model,-0.2685080733528409,,
AST%,26,Mixed-effects model,-0.0665486315140668,,
AST%,27,Mixed-effects model,1.7763568394002505e-15,,
AST%,28,Mixed-effects model,-0.0605551585547186,,
AST%,29,Mixed-effects model,-0.2414300461261458,,
AST%,30,Mixed-effects model,-0.5358406016622137,,
AST%,31,Mixed-effects model,-0.9370027641108384,,
AST%,32,Mixed-effects model,-1.4381324724199498,,
AST%,33,Mixed-effects model,-2.0324456655374696,,
AST%,34,Mixed-effects model,-2.713158282411328,,
AST%,35,Mixed-effects model,-3.4734862619894464,,
AST%,36,Mixed-effects model,-4.306645543219748,,
BLK%,19,Naive delta method,0.2586180864132061,0.1530035359902841,0.3619059122944718
BLK%,20,Naive delta method,0.1984776312754902,0.1226042392354626,0.2768006135288625
BLK%,21,Naive delta method,0.2051339473995614,0.1491282883286328,0.266434324949482
BLK%,22,Naive delta method,0.1638908052846641,0.105417223185277,0.2245062070499122
BLK%,23,Naive delta method,0.1719629151237699,0.1241398881109051,0.2237256675631853
BLK%,24,Naive delta method,0.1166325090607749,0.0847923976151329,0.1594076000873425
BLK%,25,Naive delta method,0.0907536703905669,0.0579389361951121,0.1336487912345759
BLK%,26,Naive delta method,0.0651403846432124,0.0299365516673984,0.0943125915257115
BLK%,27,Naive delta method,0.0,0.0,0.0
BLK%,28,Naive delta method,-0.043045469081513,-0.0728963172186201,-0.0142222650107945
BLK%,29,Naive delta method,-0.0916153123931616,-0.1282450409473828,-0.0552198418341424
BLK%,30,Naive delta method,-0.059903821614107,-0.1020627616824011,-0.0134115796362543
BLK%,31,Naive delta method,-0.1264385921960776,-0.1794250182431019,-0.0795387756123123
BLK%,32,Naive delta method,-0.1944633305085573,-0.2496477974792536,-0.1432616877150629
BLK%,33,Naive delta method,-0.157088423106678,-0.2310052244873943,-0.1006706094732075
BLK%,34,Naive delta method,-0.1785497412239733,-0.2572104699417407,-0.1137354832350488
BLK%,35,Naive delta method,-0.178766347782444,-0.2581131010658295,-0.1026981125628842
BLK%,36,Naive delta method,-0.2297759089834286,-0.3448886271981196,-0.1232995137077403
BLK%,19,Survivorship-corrected,0.2328474073897691,0.143725969897465,0.3394872716884549
BLK%,20,Survivorship-corrected,0.1763397287879246,0.1126386578014227,0.2543634932941543
BLK%,21,Survivorship-corrected,0.1895641911752238,0.1272517879433259,0.2496083410622663
BLK%,22,Survivorship-corrected,0.1525051354133867,0.1055792109030299,0.2085589439068196
BLK%,23,Survivorship-corrected,0.1611116980611053,0.1197194106448823,0.2070898731115406
BLK%,24,Survivorship-corrected,0.1098606038616077,0.0731738860441961,0.1529004819601089
BLK%,25,Survivorship-corrected,0.0869026905539798,0.0458345213748394,0.123625353161915
BLK%,26,Survivorship-corrected,0.0657011470875784,0.0346116692465407,0.0923457581836315
BLK%,27,Survivorship-corrected,0.0,0.0,0.0
BLK%,28,Survivorship-corrected,-0.0415035919659249,-0.0726776704229067,-0.0143585197482087
BLK%,29,Survivorship-corrected,-0.0877692048099341,-0.1251104810637594,-0.0580137588779748
BLK%,30,Survivorship-corrected,-0.0534158231678471,-0.0928738521109898,-0.0119492472707742
BLK%,31,Survivorship-corrected,-0.1132856330505418,-0.1609419925312782,-0.0730032985590038
BLK%,32,Survivorship-corrected,-0.1753227478613164,-0.2248178526944584,-0.1265967971789886
BLK%,33,Survivorship-corrected,-0.1310524342983265,-0.197645237423502,-0.0840402414655095
BLK%,34,Survivorship-corrected,-0.1396579829553476,-0.2099894844164153,-0.0882961571089382
BLK%,35,Survivorship-corrected,-0.1654604126459845,-0.2468784728258982,-0.0766121021953688
BLK%,36,Survivorship-corrected,-0.1880393817327519,-0.2916261860664841,-0.107797139461167
BLK%,19,Mixed-effects model,0.0971400747036308,,
BLK%,20,Mixed-effects model,0.1394310934227225,,
BLK%,21,Mixed-effects model,0.1575792169428924,,
BLK%,22,Mixed-effects model,0.1558899002578104,,
BLK%,23,Mixed-effects model,0.1386685983611475,,
BLK%,24,Mixed-effects model,0.1102207662465737,,
BLK%,25,Mixed-effects model,0.0748518589077593,,
BLK%,26,Mixed-effects model,0.0368673313383751,,
BLK%,27,Mixed-effects model,-2.220446049250313e-16,,
BLK%,28,Mixed-effects model,-0.0343078727741548,,
BLK%,29,Mixed-effects model,-0.0651866631829687,,
BLK%,30,Mixed-effects model,-0.0917667474253214,,
BLK%,31,Mixed-effects model,-0.1131785017000932,,
BLK%,32,Mixed-effects model,-0.1285523022061638,,
BLK%,33,Mixed-effects model,-0.1370185251424132,,
BLK%,34,Mixed-effects model,-0.1377075467077204,,
BLK%,35,Mixed-effects model,-0.1297497431009662,,
BLK%,36,Mixed-effects model,-0.1122754905210303,,
BPM (pts/100),19,Naive delta method,-4.050295248814665,-4.33840993957409,-3.774187560498212
BPM (pts/100),20,Naive delta method,-2.7580351872006723,-2.9388315206865525,-2.582705923556707
BPM (pts/100),21,Naive delta method,-1.6983475704738114,-1.883672384580424,-1.541429789803441
BPM (pts/100),22,Naive delta method,-0.851628018211465,-1.0054637967625242,-0.7188618828924584
BPM (pts/100),23,Naive delta method,-0.3122263183619926,-0.4464778077581396,-0.2130161763645232
BPM (pts/100),24,Naive delta method,-0.0621844024594695,-0.1848475505744541,0.0425837283260153
BPM (pts/100),25,Naive delta method,0.1348743970373966,0.0367248727517342,0.2269960006389457
BPM (pts/100),26,Naive delta method,0.0951601200909841,0.0175871043659193,0.1708797648757231
BPM (pts/100),27,Naive delta method,0.0,0.0,0.0
BPM (pts/100),28,Naive delta method,-0.1038384827932663,-0.1985952164516428,-0.0196324681307168
BPM (pts/100),29,Naive delta method,-0.4794585781259561,-0.6056666554690385,-0.3750851162950441
BPM (pts/100),30,Naive delta method,-0.7197542355374242,-0.8272420781225234,-0.6010457474623887
BPM (pts/100),31,Naive delta method,-1.2501921033091443,-1.4167079507144067,-1.1160424251678718
BPM (pts/100),32,Naive delta method,-1.563215747544529,-1.739969802008951,-1.407355348926706
BPM (pts/100),33,Naive delta method,-2.0774180913969156,-2.297874636992512,-1.8790220881160375
BPM (pts/100),34,Naive delta method,-2.761996246926956,-2.9643171679869407,-2.5942650171555366
BPM (pts/100),35,Naive delta method,-3.2804971883825,-3.550687452574138,-3.088378287770638
BPM (pts/100),36,Naive delta method,-3.7336991302335862,-3.991187448066621,-3.5152521920720403
BPM (pts/100),19,Survivorship-corrected,-4.485953426936536,-4.787009027048266,-4.190371272662928
BPM (pts/100),20,Survivorship-corrected,-3.147519924413702,-3.33481601325371,-2.958999914308756
BPM (pts/100),21,Survivorship-corrected,-2.041558067836066,-2.223901736288584,-1.8709096232794815
BPM (pts/100),22,Survivorship-corrected,-1.1213800498164872,-1.267725690096058,-0.9927186880364208
BPM (pts/100),23,Survivorship-corrected,-0.541297603838097,-0.6699334671634924,-0.4140930729999354
BPM (pts/100),24,Survivorship-corrected,-0.2352437548753325,-0.3443311920664206,-0.1252688985571982
BPM (pts/100),25,Survivorship-corrected,0.0155384790264019,-0.0817959622456711,0.1037175367593816
BPM (pts/100),26,Survivorship-corrected,0.046759699698887,-0.0450401148814135,0.1221192781155645
BPM (pts/100),27,Survivorship-corrected,0.0,0.0,0.0
BPM (pts/100),28,Survivorship-corrected,-0.0419091738277881,-0.1301951139997109,0.0470878951678525
BPM (pts/100),29,Survivorship-corrected,-0.3520701343820267,-0.4438340992651721,-0.2416565824056043
BPM (pts/100),30,Survivorship-corrected,-0.4561894490184723,-0.5951644666559626,-0.3215080679263549
BPM (pts/100),31,Survivorship-corrected,-0.882321636559583,-1.0418337648688918,-0.7516926086210874
BPM (pts/100),32,Survivorship-corrected,-1.0057999364144212,-1.187469308051209,-0.820009927461591
BPM (pts/100),33,Survivorship-corrected,-1.383643753859273,-1.6008429507926836,-1.1729585116383117
BPM (pts/100),34,Survivorship-corrected,-1.893849609982908,-2.0800352414532792,-1.7191668411630108
BPM (pts/100),35,Survivorship-corrected,-2.284770401800631,-2.507585554765261,-2.057339659987717
BPM (pts/100),36,Survivorship-corrected,-2.605881233865074,-2.84788556821209,-2.348584788854142
BPM (pts/100),19,Mixed-effects model,-3.4265775902829017,,
BPM (pts/100),20,Mixed-effects model,-2.3430858068210925,,
BPM (pts/100),21,Mixed-effects model,-1.4983650063550482,,
BPM (pts/100),22,Mixed-effects model,-0.8665632505100165,,
BPM (pts/100),23,Mixed-effects model,-0.4218286009112451,,
BPM (pts/100),24,Mixed-effects model,-0.1383091191839817,,
BPM (pts/100),25,Mixed-effects model,0.0098471330465267,,
BPM (pts/100),26,Mixed-effects model,0.0484920941550324,,
BPM (pts/100),27,Mixed-effects model,-1.1102230246251563e-16,,
BPM (pts/100),28,Mixed-effects model,-0.1271657236252684,,
BPM (pts/100),29,Mixed-effects model,-0.3280193534437589,,
BPM (pts/100),30,Mixed-effects model,-0.5975751661784543,,
BPM (pts/100),31,Mixed-effects model,-0.9308474385523428,,
BPM (pts/100),32,Mixed-effects model,-1.322850447288409,,
BPM (pts/100),33,Mixed-effects model,-1.768598469109638,,
BPM (pts/100),34,Mixed-effects model,-2.2631057807390156,,
BPM (pts/100),35,Mixed-effects model,-2.801386658899528,,
BPM (pts/100),36,Mixed-effects model,-3.37845538031416,,
DRB%,19,Naive delta method,-1.7625451403213463,-2.125304468468099,-1.3357717926953223
DRB%,20,Naive delta method,-0.9144035308453816,-1.169780250630773,-0.6500880614310337
DRB%,21,Naive delta method,-0.6274611183816301,-0.8494419629874517,-0.3668249220365812
DRB%,22,Naive delta method,-0.2378480897333403,-0.4122729373771482,-0.039070224932332
DRB%,23,Naive delta method,-0.1578711663460423,-0.3297634486335062,0.0180660674615633
DRB%,24,Naive delta method,-0.0173833382216845,-0.2028357083260556,0.1612656868788397
DRB%,25,Naive delta method,0.0476735107435981,-0.0910004650341675,0.1984159949578172
DRB%,26,Naive delta method,0.0631693749626411,-0.0553193814431989,0.1803328290459339
DRB%,27,Naive delta method,0.0,0.0,0.0
DRB%,28,Naive delta method,0.1160460896369492,-0.0005328687788073,0.2453726077182218
DRB%,29,Naive delta method,-0.0032120902745886,-0.1650789578982344,0.1460159591209131
DRB%,30,Naive delta method,-0.1525325612737038,-0.3279598880146452,0.0106928565504288
DRB%,31,Naive delta method,-0.3764348961238517,-0.5701372588346393,-0.1655796996123804
DRB%,32,Naive delta method,-0.3617577854715255,-0.5861555282848748,-0.122748397725143
DRB%,33,Naive delta method,-0.3783527052724458,-0.6441755866250745,-0.1524846821260687
DRB%,34,Naive delta method,-0.7043673112972964,-0.999543615401468,-0.4533135240395557
DRB%,35,Naive delta method,-1.119556286013101,-1.4449171245931138,-0.7937505149651595
DRB%,36,Naive delta method,-1.4555842275500457,-1.862005907993702,-1.1116820990628429
DRB%,19,Survivorship-corrected,-1.8881301023594927,-2.2646613998330523,-1.5132137724588075
DRB%,20,Survivorship-corrected,-1.0635435174074326,-1.3189049916860294,-0.7593879809906925
DRB%,21,Survivorship-corrected,-0.7475643572666875,-0.9588605150944156,-0.5436843842417861
DRB%,22,Survivorship-corrected,-0.3386337721870718,-0.5151387563993932,-0.1560860558257234
DRB%,23,Survivorship-corrected,-0.2364536862961714,-0.3983882880474098,-0.0909099238540565
DRB%,24,Survivorship-corrected,-0.0674319042514772,-0.2311437002742152,0.0834483343587005
DRB%,25,Survivorship-corrected,-0.0010669321742056,-0.1609294157649056,0.1563592707763367
DRB%,26,Survivorship-corrected,0.0277288993116129,-0.113235615628126,0.1475245543461918
DRB%,27,Survivorship-corrected,0.0,0.0,0.0
DRB%,28,Survivorship-corrected,0.1263661657229478,0.0134804364289507,0.2393815064452308
DRB%,29,Survivorship-corrected,0.0277108598794812,-0.1079966702188971,0.1616191286740662
DRB%,30,Survivorship-corrected,-0.0736870829558107,-0.2239799597831461,0.0932044150685181
DRB%,31,Survivorship-corrected,-0.3150458004332779,-0.5008591595302575,-0.1275224480827295
DRB%,32,Survivorship-corrected,-0.2710966818627702,-0.4605592712531007,-0.0802913028184623
DRB%,33,Survivorship-corrected,-0.2764285699428686,-0.5239837627969721,-0.0222322323817526
DRB%,34,Survivorship-corrected,-0.5641618628347174,-0.831679445233704,-0.2684217844872008
DRB%,35,Survivorship-corrected,-0.9615147996488344,-1.3245129812058118,-0.6227312944809803
DRB%,36,Survivorship-corrected,-1.188511488016753,-1.5934678271463576,-0.8134892564589516
DRB%,19,Mixed-effects model,-1.6180696017387834,,
DRB%,20,Mixed-effects model,-1.1098480466605114,,
DRB%,21,Mixed-effects model,-0.7206751975132342,,
DRB%,22,Mixed-effects model,-0.4346890253045306,,
DRB%,23,Mixed-effects model,-0.236027501041983,,
DRB%,24,Mixed-effects model,-0.1088285957331667,,
DRB%,25,Mixed-effects model,-0.0372302803856641,,
DRB%,26,Mixed-effects model,-0.0053705260070522,,
DRB%,27,Mixed-effects model,-1.7763568394002505e-15,,
DRB%,28,Mixed-effects model,-0.018320155347558,,
DRB%,29,Mixed-effects model,-0.0601451414278564,,
DRB%,30,Mixed-effects model,-0.1252891076190359,,
DRB%,31,Mixed-effects model,-0.2135662032992336,,
DRB%,32,Mixed-effects model,-0.3247905778465867,,
DRB%,33,Mixed-effects model,-0.4587763806392306,,
DRB%,34,Mixed-effects model,-0.6153377610553026,,
DRB%,35,Mixed-effects model,-0.7942888684729397,,
DRB%,36,Mixed-effects model,-0.9954438522702808,,
3P%,19,Naive delta method,-2.48447565162858,-3.1254742581867,-1.84554106474711
3P%,20,Naive delta method,-0.99168031331297,-1.48201537044783,-0.45029472430947
3P%,21,Naive delta method,-0.44825350136840003,-0.8412388040095401,-0.04813540251113
3P%,22,Naive delta method,0.25996398118329,-0.09806904595987,0.6060386589379699
3P%,23,Naive delta method,0.29773120144407,-0.00944381426058966,0.69921248836932
3P%,24,Naive delta method,0.26303980527754,-0.07183741413926001,0.5908497619248
3P%,25,Naive delta method,0.31053748196078,0.017876105216009998,0.60084324887173
3P%,26,Naive delta method,0.12353232849901001,-0.11772418131861,0.39044464712089
3P%,27,Naive delta method,0.0,0.0,0.0
3P%,28,Naive delta method,0.0216351140807,-0.18772070723703,0.26018370049969003
3P%,29,Naive delta method,-0.34761984666719997,-0.67309814495598,-0.04806596227776
3P%,30,Naive delta method,-0.62199886592885,-0.99280994744892,-0.31029731711855
3P%,31,Naive delta method,-1.26375423102911,-1.61565296078056,-0.93904266312463
3P%,32,Naive delta method,-1.52993035674508,-1.9581729842008602,-1.1128667114633
3P%,33,Naive delta method,-2.1794292727583198,-2.61471774954474,-1.70208492587699
3P%,34,Naive delta method,-2.5504762185133902,-3.0850810040987002,-2.11875152515662
3P%,35,Naive delta method,-3.4023950443216897,-4.10077647191253,-2.90030645243109
3P%,36,Naive delta method,-2.98821072395218,-3.88120697984081,-2.22330988597882
3P%,19,Survivorship-corrected,-3.5040727508856797,-4.22002810860888,-2.7704127766309
3P%,20,Survivorship-corrected,-1.94818513555968,-2.49463793942243,-1.3606066372416898
3P%,21,Survivorship-corrected,-1.27543196528113,-1.7487589379424,-0.7135033539261301
3P%,22,Survivorship-corrected,-0.34422397268444,-0.7266081332313901,0.09475111975301
3P%,23,Survivorship-corrected,-0.176835271852,-0.47573870898542,0.2642007297832
3P%,24,Survivorship-corrected,-0.03586490081871,-0.3124589727788,0.31624856260693
3P%,25,Survivorship-corrected,0.13096026185714,-0.15252972402512,0.47702242767318
3P%,26,Survivorship-corrected,0.07481230360675,-0.17161077332099,0.34789612203108
3P%,27,Survivorship-corrected,0.0,0.0,0.0
3P%,28,Survivorship-corrected,0.11732349507519998,-0.15135490798682,0.38100197587571
3P%,29,Survivorship-corrected,-0.15956901745912,-0.43678073375827003,0.16061236935604
3P%,30,Survivorship-corrected,-0.29558388367093,-0.62213955056992,0.060878787911950005
3P%,31,Survivorship-corrected,-0.77079122153225,-1.12034041199782,-0.35713655053876003
3P%,32,Survivorship-corrected,-0.83658106467643,-1.2395813734171999,-0.36276520617432
3P%,33,Survivorship-corrected,-1.2852849615556499,-1.7790912030746502,-0.81991490268245
3P%,34,Survivorship-corrected,-1.62028628017214,-2.16975801913232,-1.07522606406771
3P%,35,Survivorship-corrected,-2.20559036024543,-2.90122990079338,-1.5149210981173
3P%,36,Survivorship-corrected,-1.42240699475009,-2.4275660346316603,-0.56554887990262
3P%,19,Mixed-effects model,-2.6211882450248,,
3P%,20,Mixed-effects model,-2.14555798017403,,
3P%,21,Mixed-effects model,-1.68634668885594,,
3P%,22,Mixed-effects model,-1.2565523838756,,
3P%,23,Mixed-effects model,-0.8691730780381299,,
3P%,24,Mixed-effects model,-0.53720678414858,,
3P%,25,Mixed-effects model,-0.27365151501206997,,
3P%,26,Mixed-effects model,-0.09150528343369,,
3P%,27,Mixed-effects model,0.0,,
3P%,28,Mixed-effects model,0.00669683357651385,,
3P%,29,Mixed-effects model,-0.061816182198110005,,
3P%,30,Mixed-effects model,-0.19594044681786002,,
3P%,31,Mixed-effects model,-0.38607735977668,,
3P%,32,Mixed-effects model,-0.62262832056855,,
3P%,33,Mixed-effects model,-0.89599472868744,,
3P%,34,Mixed-effects model,-1.19657798362731,,
3P%,35,Mixed-effects model,-1.51477948488212,,
3P%,36,Mixed-effects model,-1.84100063194586,,
3PA rate,19,Naive delta method,-8.12534895115901,-9.29704656120563,-6.68245942175406
3PA rate,20,Naive delta method,-7.82864420061599,-8.75601391335486,-6.868771268330939
3PA rate,21,Naive delta method,-6.38833172680529,-7.109840429857179,-5.70069717326424
3PA rate,22,Naive delta method,-5.716394207836769,-6.36391401173295,-5.00265950401887
3PA rate,23,Naive delta method,-5.279078432750111,-5.86929543471826,-4.69273485471463
3PA rate,24,Naive delta method,-4.04422734344789,-4.56199021368285,-3.5353739730203304
3PA rate,25,Naive delta method,-2.36201683534705,-2.7842918947999897,-1.98780398124946
3PA rate,26,Naive delta method,-1.07927454723254,-1.39901990072211,-0.77855681651561
3PA rate,27,Naive delta method,0.0,0.0,0.0
3PA rate,28,Naive delta method,2.19793095049806,1.8047878372513302,2.60252678667698
3PA rate,29,Naive delta method,3.8779377010184897,3.2895711954964804,4.43350149961198
3PA rate,30,Naive delta method,5.18580507730871,4.44942568905033,5.770164381574
3PA rate,31,Naive delta method,6.307188931546009,5.45081894804464,6.965004238565959
3PA rate,32,Naive delta method,7.56228605288183,6.679905765044141,8.2793259871481
3PA rate,33,Naive delta method,9.20509522504298,8.14559039692978,10.08101569615897
3PA rate,34,Naive delta method,10.985341025982311,9.9062431999007,11.88795772229078
3PA rate,35,Naive delta method,13.36532726052718,12.05692805383726,14.394906176319388
3PA rate,36,Naive delta method,15.189300000003419,13.884596784813219,16.649714416243942
3PA rate,19,Survivorship-corrected,-8.24948874286512,-9.46602603066562,-7.12309568213505
3PA rate,20,Survivorship-corrected,-7.84706508863527,-8.75548520002556,-6.9454033096593
3PA rate,21,Survivorship-corrected,-6.44155371830074,-7.21295918890905,-5.67525395923986
3PA rate,22,Survivorship-corrected,-5.76046010135426,-6.40531224703654,-5.14448267994789
3PA rate,23,Survivorship-corrected,-5.30827456969409,-5.91786109290603,-4.7558338458916
3PA rate,24,Survivorship-corrected,-4.08350376908897,-4.600015431327329,-3.51647032120385
3PA rate,25,Survivorship-corrected,-2.42637655364702,-2.84690123805287,-1.93180264257839
3PA rate,26,Survivorship-corrected,-1.11163563175674,-1.44588758041908,-0.77849754888103
3PA rate,27,Survivorship-corrected,0.0,0.0,0.0
3PA rate,28,Survivorship-corrected,2.21442784678743,1.83441089870639,2.6009856703038703
3PA rate,29,Survivorship-corrected,3.94582174587707,3.3963652915378497,4.4375029723900905
3PA rate,30,Survivorship-corrected,5.25334705502619,4.61795756562263,5.92676887653946
3PA rate,31,Survivorship-corrected,6.30380305241693,5.7026333834677905,7.07852868491252
3PA rate,32,Survivorship-corrected,7.7141755926701405,7.02580876298821,8.46615840654516
3PA rate,33,Survivorship-corrected,9.543580275262629,8.69474355344493,10.51127035510582
3PA rate,34,Survivorship-corrected,11.157728085904731,10.16870911721157,12.19649404820864
3PA rate,35,Survivorship-corrected,12.994461083305739,11.75518765754734,14.166533834043099
3PA rate,36,Survivorship-corrected,14.680386281028879,13.24305209691022,16.15688193198071
3PA rate,19,Mixed-effects model,-5.95959615142966,,
3PA rate,20,Mixed-effects model,-6.054011015422041,,
3PA rate,21,Mixed-effects model,-5.78829241598929,,
3PA rate,22,Mixed-effects model,-5.22284868466265,,
3PA rate,23,Mixed-effects model,-4.41808815297333,,
3PA rate,24,Mixed-effects model,-3.43441915245257,,
3PA rate,25,Mixed-effects model,-2.3322500146316,,
3PA rate,26,Mixed-effects model,-1.1719890710416399,,
3PA rate,27,Mixed-effects model,0.0,,
3PA rate,28,Mixed-effects model,1.1935321330317101,,
3PA rate,29,Mixed-effects model,2.43246691580579,,
3PA rate,30,Mixed-effects model,3.7406639360745397,,
3PA rate,31,Mixed-effects model,5.1419827815903,,
3PA rate,32,Mixed-effects model,6.660283040105321,,
3PA rate,33,Mixed-effects model,8.31942429937195,,
3PA rate,34,Mixed-effects model,10.14326614714249,,
3PA rate,35,Mixed-effects model,12.15566817116923,,
3PA rate,36,Mixed-effects model,14.380489959204478,,
FT%,19,Naive delta method,-5.94998569235014,-6.97687433638619,-5.00098093661395
FT%,20,Naive delta method,-3.8788986392231704,-4.55921382326838,-3.3258481316347503
FT%,21,Naive delta method,-2.87045263876426,-3.52379817891406,-2.37693088940983
FT%,22,Naive delta method,-2.02489353014747,-2.5597001233355,-1.61229714990897
FT%,23,Naive delta method,-1.26785556551528,-1.73671262420215,-0.8321970689417899
FT%,24,Naive delta method,-0.72699252200708,-1.06683832402239,-0.37487382224472
FT%,25,Naive delta method,-0.20365639273348,-0.57230803057379,0.19051098373123002
FT%,26,Naive delta method,0.02040133678099,-0.29939523989223,0.34123883624032997
FT%,27,Naive delta method,0.0,0.0,0.0
FT%,28,Naive delta method,0.08542714898647,-0.2194392263611,0.40641864258716004
FT%,29,Naive delta method,-0.16441606780746,-0.50561839899978,0.26502511160413
FT%,30,Naive delta method,0.09883749779872,-0.314085414729,0.61681624323423
FT%,31,Naive delta method,-0.67888914232413,-1.20193698579606,-0.08319617817384001
FT%,32,Naive delta method,-0.81119725353727,-1.39644461813736,-0.13907277891218
FT%,33,Naive delta method,-1.47780843516238,-1.9960921764564301,-0.77138644910479
FT%,34,Naive delta method,-1.39368704599875,-2.09553147498948,-0.51659319865257
FT%,35,Naive delta method,-1.9737676968362299,-2.6765734359842996,-1.0797786570819
FT%,36,Naive delta method,-2.33180329361151,-3.4212976786246996,-1.13417805722416
FT%,19,Survivorship-corrected,-6.28606089032024,-7.26402406158663,-5.31925524662078
FT%,20,Survivorship-corrected,-4.1479789336943895,-4.7578767637375705,-3.55993675026706
FT%,21,Survivorship-corrected,-3.11117372283339,-3.63773819449459,-2.52666780003199
FT%,22,Survivorship-corrected,-2.16273355498848,-2.67565124178384,-1.59225535436904
FT%,23,Survivorship-corrected,-1.33879498741898,-1.7999778642002,-0.84108467065666
FT%,24,Survivorship-corrected,-0.76618061817587,-1.13882281117793,-0.3622214569364
FT%,25,Survivorship-corrected,-0.21798498390517,-0.56163412635807,0.13193325249067
FT%,26,Survivorship-corrected,-0.006767186571604578,-0.3383292903839,0.34268753883640996
FT%,27,Survivorship-corrected,0.0,0.0,0.0
FT%,28,Survivorship-corrected,0.14738028068303,-0.16007257302541,0.50167325693254
FT%,29,Survivorship-corrected,-0.07431677235055,-0.48126250951735,0.36238446115181
FT%,30,Survivorship-corrected,0.2223538510065,-0.30048535812174004,0.72871941761605
FT%,31,Survivorship-corrected,-0.37383121515756,-0.89842831629635,0.11262616628046
FT%,32,Survivorship-corrected,-0.45384366962347,-0.9958605547635699,0.13310856779638
FT%,33,Survivorship-corrected,-1.13682043320678,-1.71704474985866,-0.41251504607843
FT%,34,Survivorship-corrected,-0.7750837317977399,-1.54470753053079,0.004919160154309403
FT%,35,Survivorship-corrected,-1.0641868314471101,-1.82218878429738,-0.1805061690872
FT%,36,Survivorship-corrected,-1.25039942152594,-2.41156933933999,-0.22716740630638
FT%,19,Mixed-effects model,-4.38285983040812,,
FT%,20,Mixed-effects model,-3.2911051234443303,,
FT%,21,Mixed-effects model,-2.37941091501751,,
FT%,22,Mixed-effects model,-1.63543456287282,,
FT%,23,Mixed-effects model,-1.04683342475552,,
FT%,24,Mixed-effects model,-0.6012648584107599,,
FT%,25,Mixed-effects model,-0.28638622158376,,
FT%,26,Mixed-effects model,-0.08985487201974,,
FT%,27,Mixed-effects model,0.0,,
FT%,28,Mixed-effects model,-0.007838125950376806,,
FT%,29,Mixed-effects model,-0.10505760283281,,
FT%,30,Mixed-effects model,-0.28334678360928,,
FT%,31,Mixed-effects model,-0.53439402124172,,
FT%,32,Mixed-effects model,-0.84988766869207,,
FT%,33,Mixed-effects model,-1.22151607892229,,
FT%,34,Mixed-effects model,-1.6409676048943203,,
FT%,35,Mixed-effects model,-2.09993059957014,,
FT%,36,Mixed-effects model,-2.5900934159116598,,
Minutes,19,Naive delta method,-642.8043289799218,-741.3212705381952,-542.8771518277283
Minutes,20,Naive delta method,-427.859447090158,-498.5715905439,-353.51021796351296
Minutes,21,Naive delta method,-257.34352352327915,-306.9064971108886,-191.3871946003252
Minutes,22,Naive delta method,-125.84985263720318,-172.5647425796831,-76.08925025081648
Minutes,23,Naive delta method,-20.87991592834237,-64.79028473872398,26.99640710905289
Minutes,24,Naive delta method,37.85903989495091,-1.1472102415335987,73.59027459922568
Minutes,25,Naive delta method,45.71801425392528,10.33038487969762,87.39389029347055
Minutes,26,Naive delta method,39.68306801736617,9.299389935218096,76.25794667704747
Minutes,27,Naive delta method,0.0,0.0,0.0
Minutes,28,Naive delta method,-71.02918586789565,-105.95984149641022,-38.71900124163863
Minutes,29,Naive delta method,-223.92198024399408,-261.5927758272446,-189.11327545525697
Minutes,30,Naive delta method,-354.1504958689941,-394.1117759560518,-311.61454011188493
Minutes,31,Naive delta method,-546.5089029486401,-595.0565048928922,-503.33115524240714
Minutes,32,Naive delta method,-726.3027748149353,-774.3779757280521,-677.6519041076812
Minutes,33,Naive delta method,-972.2780398326032,-1035.501585416216,-915.808775368444
Minutes,34,Naive delta method,-1232.807451597309,-1317.8582323667404,-1164.2091879232971
Minutes,35,Naive delta method,-1431.1326049715422,-1517.8163572743308,-1341.6207565251298
Minutes,36,Naive delta method,-1766.476867266624,-1843.5199536065727,-1672.6546708694482
Minutes,19,Survivorship-corrected,-1021.5701731342529,-1097.9049186306645,-914.6596254100634
Minutes,20,Survivorship-corrected,-777.016001082076,-844.3052387286173,-708.6009932031784
Minutes,21,Survivorship-corrected,-563.6633364023319,-628.6327343465301,-504.44304727009023
Minutes,22,Survivorship-corrected,-383.9020725449204,-439.980789530605,-329.2793135613025
Minutes,23,Survivorship-corrected,-233.5990274368423,-278.5771388949102,-186.32192819554385
Minutes,24,Survivorship-corrected,-121.26213144151713,-164.0503086451414,-74.31410827301973
Minutes,25,Survivorship-corrected,-63.2723485829099,-94.51425019178976,-29.223504409282015
Minutes,26,Survivorship-corrected,-7.752543695195527,-37.05757854417641,23.560992868620232
Minutes,27,Survivorship-corrected,0.0,0.0,0.0
Minutes,28,Survivorship-corrected,-14.41021210165809,-45.03590683538837,16.876573525768425
Minutes,29,Survivorship-corrected,-116.32655486345448,-164.2223111892516,-75.33193761739007
Minutes,30,Survivorship-corrected,-177.6471197518922,-219.3259133852337,-135.0214951148183
Minutes,31,Survivorship-corrected,-272.56113936836186,-324.8868901472339,-215.30148015447793
Minutes,32,Survivorship-corrected,-381.1445921940808,-444.46357296845355,-311.33291254540296
Minutes,33,Survivorship-corrected,-537.7427357748375,-614.7761645693251,-467.9817193294117
Minutes,34,Survivorship-corrected,-679.9963816917889,-755.847502605234,-594.831630657675
Minutes,35,Survivorship-corrected,-777.3340071729522,-873.3425316311775,-683.9918849691311
Minutes,36,Survivorship-corrected,-979.103029880479,-1081.5079154534048,-872.7203668781696
Minutes,19,Mixed-effects model,-243.77810367803727,,
Minutes,20,Mixed-effects model,-188.51879542635993,,
Minutes,21,Mixed-effects model,-130.13582158952818,,
Minutes,22,Mixed-effects model,-73.75280774169391,,
Minutes,23,Mixed-effects model,-24.493379457009723,,
Minutes,24,Mixed-effects model,12.51883769037272,,
Minutes,25,Mixed-effects model,32.16021812630083,,
Minutes,26,Mixed-effects model,29.30713627662271,,
Minutes,27,Mixed-effects model,0.0,,
Minutes,28,Mixed-effects model,-55.064649113648784,,
Minutes,29,Mixed-effects model,-134.02623604159157,,
Minutes,30,Mixed-effects model,-235.02418576109608,,
Minutes,31,Mixed-effects model,-356.19792324942955,,
Minutes,32,Mixed-effects model,-495.6868734838606,,
Minutes,33,Mixed-effects model,-651.6304614416558,,
Minutes,34,Mixed-effects model,-822.168112100084,,
Minutes,35,Mixed-effects model,-1005.439250436412,,
Minutes,36,Mixed-effects model,-1199.5833014279074,,
Rim FG%,19,Naive delta method,-5.42219746111565,-6.18461733606721,-4.61129064123608
Rim FG%,20,Naive delta method,-4.38685167725675,-4.88622761148727,-3.8262158293694495
Rim FG%,21,Naive delta method,-2.82523166515724,-3.22250301590919,-2.3971187770690303
Rim FG%,22,Naive delta method,-1.42599175528569,-1.8088621603932,-1.05404169140894
Rim FG%,23,Naive delta method,-0.61851998660541,-0.99494867207115,-0.18365349922127
Rim FG%,24,Naive delta method,-0.51117328187729,-0.8234565815418401,-0.15056115278246
Rim FG%,25,Naive delta method,-0.21076199758794,-0.5277617506272,0.12573077833557
Rim FG%,26,Naive delta method,-0.14052585672071,-0.40917862523991,0.15219614434255999
Rim FG%,27,Naive delta method,0.0,0.0,0.0
Rim FG%,28,Naive delta method,-0.19042996611346,-0.54384753744564,0.11330438048291001
Rim FG%,29,Naive delta method,-0.46819012490872003,-0.8301919307168001,-0.10888403058117
Rim FG%,30,Naive delta method,-0.59161242845679,-1.08649025600095,-0.18996790060432
Rim FG%,31,Naive delta method,-0.93479163953473,-1.4302720646871299,-0.52591108701485
Rim FG%,32,Naive delta method,-0.73777495702438,-1.33657541279812,-0.25446986143218003
Rim FG%,33,Naive delta method,-1.41206785019322,-2.07069912873951,-0.8016225402252299
Rim FG%,34,Naive delta method,-1.79331075148548,-2.53333306982579,-1.14736484662321
Rim FG%,35,Naive delta method,-2.54629395578813,-3.4315098907004895,-1.71798990037888
Rim FG%,36,Naive delta method,-2.3697987134128398,-3.45578881514969,-1.47854611546438
Rim FG%,19,Survivorship-corrected,-5.9941960422477,-6.858767575542609,-5.22770604705326
Rim FG%,20,Survivorship-corrected,-4.9265664901227,-5.43307554510733,-4.3409790460445805
Rim FG%,21,Survivorship-corrected,-3.31442118435309,-3.73274820125509,-2.94987037268514
Rim FG%,22,Survivorship-corrected,-1.83035377779909,-2.27322103075813,-1.43357724450041
Rim FG%,23,Survivorship-corrected,-0.96975638046813,-1.35179560805878,-0.57324056450645
Rim FG%,24,Survivorship-corrected,-0.8126014144455099,-1.17471394929676,-0.48170874452139995
Rim FG%,25,Survivorship-corrected,-0.41988706480195004,-0.743994411147,-0.11049813844890999
Rim FG%,26,Survivorship-corrected,-0.21887921988105,-0.49785026312960995,0.04442916079296
Rim FG%,27,Survivorship-corrected,0.0,0.0,0.0
Rim FG%,28,Survivorship-corrected,-0.10756793919567,-0.3997598500033,0.21321166622708998
Rim FG%,29,Survivorship-corrected,-0.27741094298304,-0.6236252867258,0.09197096997837
Rim FG%,30,Survivorship-corrected,-0.39270826581546003,-0.8524861444121999,0.02449000818809
Rim FG%,31,Survivorship-corrected,-0.44603820529305,-0.88259484879853,-0.0005590720832175378
Rim FG%,32,Survivorship-corrected,-0.1908454099668,-0.73008683237736,0.43272590113083
Rim FG%,33,Survivorship-corrected,-0.9134983629099499,-1.49963921069044,-0.31245439232047
Rim FG%,34,Survivorship-corrected,-1.1276042167111,-1.81642201719356,-0.35690221807647
Rim FG%,35,Survivorship-corrected,-1.31300314687348,-2.32737810318282,-0.39746411578595997
Rim FG%,36,Survivorship-corrected,-1.07779036535153,-2.02869775588261,-0.29345558546559003
Rim FG%,19,Mixed-effects model,-3.98952948010907,,
Rim FG%,20,Mixed-effects model,-2.59280332663729,,
Rim FG%,21,Mixed-effects model,-1.5682720592673198,,
Rim FG%,22,Mixed-effects model,-0.85794427402091,,
Rim FG%,23,Mixed-effects model,-0.40382856691977,,
Rim FG%,24,Mixed-effects model,-0.1479335339856,,
Rim FG%,25,Mixed-effects model,-0.03226777124013,,
Rim FG%,26,Mixed-effects model,0.0011601252949078322,,
Rim FG%,27,Mixed-effects model,0.0,,
Rim FG%,28,Mixed-effects model,-0.02946454113581,,
Rim FG%,29,Mixed-effects model,-0.09129145172129,,
Rim FG%,30,Mixed-effects model,-0.18953868536523,,
Rim FG%,31,Mixed-effects model,-0.32826419567636,,
Rim FG%,32,Mixed-effects model,-0.5115259362635101,,
Rim FG%,33,Mixed-effects model,-0.7433818607353999,,
Rim FG%,34,Mixed-effects model,-1.02788992270083,,
Rim FG%,35,Mixed-effects model,-1.36910807576855,,
Rim FG%,36,Mixed-effects model,-1.7710942735473598,,
Rim shot share,19,Naive delta method,8.5082072461877,7.296605874544709,9.40969586570594
Rim shot share,20,Naive delta method,7.39786846176537,6.67259936320495,8.254473007260179
Rim shot share,21,Naive delta method,6.05962557121135,5.42123143667002,6.6995774121489
Rim shot share,22,Naive delta method,4.935983834028209,4.39773428609996,5.50468989122367
Rim shot share,23,Naive delta method,4.0551076363390495,3.52067646272528,4.58186291106145
Rim shot share,24,Naive delta method,2.85435003493081,2.35426206724672,3.4034939785839
Rim shot share,25,Naive delta method,1.7344925941332099,1.3039241158371602,2.1523826908763097
Rim shot share,26,Naive delta method,0.51441277760522,0.13227656612219998,0.85859457235369
Rim shot share,27,Naive delta method,0.0,0.0,0.0
Rim shot share,28,Naive delta method,-0.61601976975728,-0.89355264932929,-0.26191805138844
Rim shot share,29,Naive delta method,-1.22913702640837,-1.6373804017123301,-0.82946973741328
Rim shot share,30,Naive delta method,-1.99817241563334,-2.52136759954226,-1.56052518572899
Rim shot share,31,Naive delta method,-3.3873358949885897,-3.9849961014479898,-2.84542068086152
Rim shot share,32,Naive delta method,-3.89228166096766,-4.54934858536992,-3.29733635050448
Rim shot share,33,Naive delta method,-4.6169054333203094,-5.3586548149545,-3.9787894508025
Rim shot share,34,Naive delta method,-5.60976951734113,-6.440953826282129,-4.92111879525112
Rim shot share,35,Naive delta method,-5.9756557560514,-6.872352863904969,-5.003784823349109
Rim shot share,36,Naive delta method,-6.9175606476580205,-8.01967912392566,-5.86255490221561
Rim shot share,19,Survivorship-corrected,8.27024096687456,7.14015555587057,9.23146783976064
Rim shot share,20,Survivorship-corrected,7.07284162788206,6.1796066746649805,7.81628748428764
Rim shot share,21,Survivorship-corrected,5.841055873925749,5.079971481624971,6.46293448866153
Rim shot share,22,Survivorship-corrected,4.76092585091967,4.06167270236283,5.35686595925083
Rim shot share,23,Survivorship-corrected,3.93066816026342,3.31777418071265,4.46998930521861
Rim shot share,24,Survivorship-corrected,2.74904950217822,2.18422169458078,3.1741563728801
Rim shot share,25,Survivorship-corrected,1.65435842306409,1.27502939429161,2.02736424319272
Rim shot share,26,Survivorship-corrected,0.51124312568247,0.15812602896842998,0.8606617762991301
Rim shot share,27,Survivorship-corrected,0.0,0.0,0.0
Rim shot share,28,Survivorship-corrected,-0.59253113027394,-0.9272596859703001,-0.2821020701607
Rim shot share,29,Survivorship-corrected,-1.16533492619633,-1.62653822664461,-0.8111506744214699
Rim shot share,30,Survivorship-corrected,-1.8789241035927,-2.45405484780447,-1.4601047944159702
Rim shot share,31,Survivorship-corrected,-3.21293612809011,-3.85962206874877,-2.6764619458992103
Rim shot share,32,Survivorship-corrected,-3.69637780757853,-4.33450765941732,-3.1253718847027603
Rim shot share,33,Survivorship-corrected,-4.45180867761086,-5.21355135688015,-3.87080641129324
Rim shot share,34,Survivorship-corrected,-5.24345810035182,-6.08284605927693,-4.60377542657307
Rim shot share,35,Survivorship-corrected,-5.40609609995434,-6.26974817502382,-4.62313401988669
Rim shot share,36,Survivorship-corrected,-6.54532411286721,-7.49362615797071,-5.58775666850211
Rim shot share,19,Mixed-effects model,6.14515727683476,,
Rim shot share,20,Mixed-effects model,5.67402022000162,,
Rim shot share,21,Mixed-effects model,5.026278980517549,,
Rim shot share,22,Mixed-effects model,4.24801303029349,,
Rim shot share,23,Mixed-effects model,3.38530184124034,,
Rim shot share,24,Mixed-effects model,2.48422488526902,,
Rim shot share,25,Mixed-effects model,1.5908616342904702,,
Rim shot share,26,Mixed-effects model,0.75129156021559,,
Rim shot share,27,Mixed-effects model,5.551115123125783e-15,,
Rim shot share,28,Mixed-effects model,-0.67490424922193,,
Rim shot share,29,Mixed-effects model,-1.29690652527117,,
Rim shot share,30,Mixed-effects model,-1.8894921659686499,,
Rim shot share,31,Mixed-effects model,-2.47614650913533,,
Rim shot share,32,Mixed-effects model,-3.08035489259215,,
Rim shot share,33,Mixed-effects model,-3.72560265416007,,
Rim shot share,34,Mixed-effects model,-4.43537513166002,,
Rim shot share,35,Mixed-effects model,-5.23315766291296,,
Rim shot share,36,Mixed-effects model,-6.1424355857398405,,
Shot-making,19,Naive delta method,-3.80950226797552,-4.29343187654476,-3.4281842687188
Shot-making,20,Naive delta method,-2.46666245144723,-2.78484845126043,-2.13038566864509
Shot-making,21,Naive delta method,-1.4933047531108299,-1.7943923225235299,-1.26296190799661
Shot-making,22,Naive delta method,-0.63226405620974,-0.8846797189039199,-0.42241069338025
Shot-making,23,Naive delta method,-0.14251601633258,-0.36603461335193,0.07157912065122
Shot-making,24,Naive delta method,-0.14771518458354002,-0.40123376540991995,0.03330374732495
Shot-making,25,Naive delta method,-0.0405769021358,-0.24064935087404998,0.14064345427757
Shot-making,26,Naive delta method,0.04296877642067,-0.13014610686331,0.1935001025739
Shot-making,27,Naive delta method,0.0,0.0,0.0
Shot-making,28,Naive delta method,-0.09278073091049,-0.22830696071627,0.05796867906723
Shot-making,29,Naive delta method,-0.41831442780846,-0.59237979507821,-0.24772720219814
Shot-making,30,Naive delta method,-0.691708914544,-0.89867923458734,-0.50802588970753
Shot-making,31,Naive delta method,-0.98334060752613,-1.20113274855958,-0.7463252996455301
Shot-making,32,Naive delta method,-1.0556024902636498,-1.29303888745032,-0.79712117223887
Shot-making,33,Naive delta method,-1.78879687196279,-2.09961309500129,-1.4845074606916
Shot-making,34,Naive delta method,-2.06853953628517,-2.3751975189366297,-1.7372924009967101
Shot-making,35,Naive delta method,-2.65221792797781,-2.9984317258389,-2.30567333893853
Shot-making,36,Naive delta method,-2.53519761357747,-2.9758147734026097,-2.03861520700901
Shot-making,19,Survivorship-corrected,-4.53948571596925,-4.94299889297678,-4.16210641478909
Shot-making,20,Survivorship-corrected,-3.10640238847636,-3.44814884611662,-2.7945001690881597
Shot-making,21,Survivorship-corrected,-2.03998495647216,-2.32919124487434,-1.79493159491095
Shot-making,22,Survivorship-corrected,-1.0653967814502299,-1.29970934109037,-0.8073208610702
Shot-making,23,Survivorship-corrected,-0.5115472382988,-0.76418268610248,-0.26378783239854
Shot-making,24,Survivorship-corrected,-0.40561456334947,-0.60337812606468,-0.20803966281645
Shot-making,25,Survivorship-corrected,-0.21374534446202997,-0.38628727343631003,-0.0219351972657
Shot-making,26,Survivorship-corrected,-0.02519519404682,-0.18810380965993,0.15871303371052
Shot-making,27,Survivorship-corrected,0.0,0.0,0.0
Shot-making,28,Survivorship-corrected,-0.026018682170899997,-0.18263940852875,0.12950526248716002
Shot-making,29,Survivorship-corrected,-0.26153210799237,-0.41519740626824003,-0.07884082151803999
Shot-making,30,Survivorship-corrected,-0.37939303266380003,-0.64029495140009,-0.15060418454465
Shot-making,31,Survivorship-corrected,-0.45083675203404,-0.68972449885801,-0.17918840387002
Shot-making,32,Survivorship-corrected,-0.32382383515339996,-0.60963163643474,-0.05909105280815
Shot-making,33,Survivorship-corrected,-0.9164409979925601,-1.22864584806076,-0.58730882500517
Shot-making,34,Survivorship-corrected,-1.10781645087018,-1.4679528963785902,-0.74033973411478
Shot-making,35,Survivorship-corrected,-1.37253794087403,-1.8306626108170898,-0.91319174980794
Shot-making,36,Survivorship-corrected,-1.09637647777377,-1.6220457122382002,-0.59706762468503
Shot-making,19,Mixed-effects model,-3.70590400194937,,
Shot-making,20,Mixed-effects model,-2.62938651037909,,
Shot-making,21,Mixed-effects model,-1.78673561542367,,
Shot-making,22,Mixed-effects model,-1.14855052924656,,
Shot-making,23,Mixed-effects model,-0.68543046401124,,
Shot-making,24,Mixed-effects model,-0.36797463188116003,,
Shot-making,25,Mixed-effects model,-0.16678224501977001,,
Shot-making,26,Mixed-effects model,-0.052452515590549996,,
Shot-making,27,Mixed-effects model,-1.734723475976807e-16,,
Shot-making,28,Mixed-effects model,-0.0021006316268100747,,
Shot-making,29,Mixed-effects model,-0.05584568809272,,
Shot-making,30,Mixed-effects model,-0.15832644701949,,
Shot-making,31,Mixed-effects model,-0.30663418602884,,
Shot-making,32,Mixed-effects model,-0.49786018274253,,
Shot-making,33,Mixed-effects model,-0.7290957147823001,,
Shot-making,34,Mixed-effects model,-0.9974320597698901,,
Shot-making,35,Mixed-effects model,-1.2999604953270298,,
Shot-making,36,Mixed-effects model,-1.63377229907548,,
STL%,19,Naive delta method,-0.0083770146180373,-0.0616662952502189,0.0462605716473623
STL%,20,Naive delta method,0.043278742549729,0.0037764283294749,0.0796718082449285
STL%,21,Naive delta method,0.0543411249715256,0.0201179845012409,0.0873264074585057
STL%,22,Naive delta method,0.0810182653972689,0.0586610899628517,0.1090329093772238
STL%,23,Naive delta method,0.0964908336313889,0.0716501760810742,0.1224129697817757
STL%,24,Naive delta method,0.0705380792737503,0.0495158664441981,0.094219454664958
STL%,25,Naive delta method,0.0808436981799556,0.0598322291889739,0.1014043752697231
STL%,26,Naive delta method,0.0457377855950055,0.0280236088671442,0.0671687658649377
STL%,27,Naive delta method,0.0,0.0,0.0
STL%,28,Naive delta method,-0.0207381824078701,-0.0399371228812307,-7.234923234419026e-05
STL%,29,Naive delta method,-0.0162144623864843,-0.0383491658298723,0.0060441930911242
STL%,30,Naive delta method,-0.0644576867466844,-0.0897244620500787,-0.0371260577590756
STL%,31,Naive delta method,-0.0965206366531799,-0.1259178533523054,-0.0674687343760357
STL%,32,Naive delta method,-0.1156992615951744,-0.1511631657312142,-0.0840831798552412
STL%,33,Naive delta method,-0.1461332306806329,-0.1821163304790272,-0.1101379107249873
STL%,34,Naive delta method,-0.1339562549606591,-0.1807139682831744,-0.0846605315078132
STL%,35,Naive delta method,-0.1414937173230339,-0.195246516813811,-0.0859396826749628
STL%,36,Naive delta method,-0.1734861981873313,-0.239879873438525,-0.1125133137847126
STL%,19,Survivorship-corrected,-0.0064743495654413,-0.0608720694272527,0.0496838152650448
STL%,20,Survivorship-corrected,0.0456086200356731,0.0043545316430565,0.0892535222336254
STL%,21,Survivorship-corrected,0.0582248562998387,0.022939453126171,0.0936590053529988
STL%,22,Survivorship-corrected,0.0855836921979535,0.0619605418848226,0.1156796127928989
STL%,23,Survivorship-corrected,0.0990797396569192,0.0742901501177385,0.1260547887265605
STL%,24,Survivorship-corrected,0.0670174871785056,0.0440161619593129,0.0900736453137186
STL%,25,Survivorship-corrected,0.08344517633412,0.0642010471899495,0.1056227430294292
STL%,26,Survivorship-corrected,0.0485768381065357,0.0323168875091863,0.0668942107135895
STL%,27,Survivorship-corrected,0.0,0.0,0.0
STL%,28,Survivorship-corrected,-0.0188059302277642,-0.0383441311431183,8.794788199162347e-05
STL%,29,Survivorship-corrected,-0.0141684348762881,-0.0362733313478633,0.0081464434158308
STL%,30,Survivorship-corrected,-0.0611710049375897,-0.0817778276566966,-0.0337540371403652
STL%,31,Survivorship-corrected,-0.0891841510219997,-0.1156941928784619,-0.0580786481916106
STL%,32,Survivorship-corrected,-0.1010985643363422,-0.1316420120599933,-0.0659478961102545
STL%,33,Survivorship-corrected,-0.1206766053253737,-0.1549150823104529,-0.0812982663958916
STL%,34,Survivorship-corrected,-0.0949511075641937,-0.1336339585567163,-0.0475368410107824
STL%,35,Survivorship-corrected,-0.0836609397852792,-0.1319445007488826,-0.0256152373053999
STL%,36,Survivorship-corrected,-0.12309280394188,-0.1794719546334287,-0.051292462650522
STL%,19,Mixed-effects model,-0.0740120826861994,,
STL%,20,Mixed-effects model,-0.0088685098959129,,
STL%,21,Mixed-effects model,0.0330381235309098,,
STL%,22,Mixed-effects model,0.0553504831011009,,
STL%,23,Mixed-effects model,0.0617112343214931,,
STL%,24,Mixed-effects model,0.0557630426989184,,
STL%,25,Mixed-effects model,0.0411485737402097,,
STL%,26,Mixed-effects model,0.0215104929521994,,
STL%,27,Mixed-effects model,0.0,,
STL%,28,Mixed-effects model,-0.0221975688181561,,
STL%,29,Mixed-effects model,-0.0443883430457563,,
STL%,30,Mixed-effects model,-0.065878452226288,,
STL%,31,Mixed-effects model,-0.0859740259032388,,
STL%,32,Mixed-effects model,-0.103981193620096,,
STL%,33,Mixed-effects model,-0.1192060849203473,,
STL%,34,Mixed-effects model,-0.1309548293474798,,
STL%,35,Mixed-effects model,-0.1385335564449814,,
STL%,36,Mixed-effects model,-0.141248395756339,,
TOV%,19,Naive delta method,2.3213833068165477,1.9184349699124723,2.784532760078899
TOV%,20,Naive delta method,1.880502005162638,1.5780488875265763,2.140043539254546
TOV%,21,Naive delta method,1.1759101954913496,0.9414942971993668,1.3732621466331665
TOV%,22,Naive delta method,0.8369206056606405,0.6364867347212317,1.021673290797786
TOV%,23,Naive delta method,0.5572360688512146,0.396284796204275,0.6936044081043459
TOV%,24,Naive delta method,0.3150062931517122,0.1560552137699853,0.4417530534909712
TOV%,25,Naive delta method,-0.0279554668952165,-0.1765489314154018,0.0978715280187742
TOV%,26,Naive delta method,0.0176905412929792,-0.1038294164071407,0.1388356316115524
TOV%,27,Naive delta method,0.0,0.0,0.0
TOV%,28,Naive delta method,-0.1193913346088263,-0.2378373027505641,0.0020452618799204
TOV%,29,Naive delta method,0.1093969932705146,-0.0339334197985214,0.2629550522771889
TOV%,30,Naive delta method,-0.0151786244285771,-0.1890006444743018,0.1515819791250459
TOV%,31,Naive delta method,0.2160366200307692,0.014910932327104,0.4156147568988296
TOV%,32,Naive delta method,0.4219775340227363,0.1256201217479068,0.6321057145448387
TOV%,33,Naive delta method,0.5090699841991757,0.2778792965946551,0.7897702742651708
TOV%,34,Naive delta method,1.0117164465232833,0.7186604189126207,1.3236248744465562
TOV%,35,Naive delta method,1.2969473491760124,0.9363470270312992,1.6437765010038254
TOV%,36,Naive delta method,1.915545989156217,1.50783079566817,2.337015532116893
TOV%,19,Survivorship-corrected,2.472116118626949,2.074228912810329,2.7924310331126057
TOV%,20,Survivorship-corrected,2.0181978233479083,1.782734565588524,2.272311226308328
TOV%,21,Survivorship-corrected,1.2883589482097069,1.0906492138162325,1.5105023681740817
TOV%,22,Survivorship-corrected,0.9252234536868956,0.7449645879993227,1.1124234669341246
TOV%,23,Survivorship-corrected,0.6531259314273148,0.5080870349764187,0.8019269544315804
TOV%,24,Survivorship-corrected,0.368367837788081,0.2443438978778498,0.4953295104164124
TOV%,25,Survivorship-corrected,0.0062784066771952,-0.1077619692000856,0.1283725960547435
TOV%,26,Survivorship-corrected,0.0288449591348394,-0.0880924290318636,0.1398456834993384
TOV%,27,Survivorship-corrected,0.0,0.0,0.0
TOV%,28,Survivorship-corrected,-0.1930296124893653,-0.3313979487708676,-0.0769658099826472
TOV%,29,Survivorship-corrected,0.0283272368594782,-0.10898050287409,0.1736138858338978
TOV%,30,Survivorship-corrected,-0.1399835649698607,-0.3003420203569774,-0.0090568671803955
TOV%,31,Survivorship-corrected,0.0391946561016932,-0.1428486303739149,0.2308147976215657
TOV%,32,Survivorship-corrected,0.1397644946433632,-0.1157350264181581,0.3830162804171324
TOV%,33,Survivorship-corrected,0.2099826245713086,-0.0660521140775894,0.4648707895245522
TOV%,34,Survivorship-corrected,0.6875380162493203,0.361427429272835,1.0127920579020708
TOV%,35,Survivorship-corrected,0.89131901325077,0.5161038332664578,1.2851682867663765
TOV%,36,Survivorship-corrected,1.5111102459799888,1.1267877513011346,1.9962061970616272
TOV%,19,Mixed-effects model,1.5946199412254138,,
TOV%,20,Mixed-effects model,1.2110975805181337,,
TOV%,21,Mixed-effects model,0.8809467329158043,,
TOV%,22,Mixed-effects model,0.6038030293943262,,
TOV%,23,Mixed-effects model,0.379302100929598,,
TOV%,24,Mixed-effects model,0.2070795784975185,,
TOV%,25,Mixed-effects model,0.0867710930739864,,
TOV%,26,Mixed-effects model,0.0180122756349074,,
TOV%,27,Mixed-effects model,0.0,,
TOV%,28,Mixed-effects model,0.0301761113642964,,
TOV%,29,Mixed-effects model,0.1055436977666541,,
TOV%,30,Mixed-effects model,0.2231058472459306,,
TOV%,31,Mixed-effects model,0.3798656478409743,,
TOV%,32,Mixed-effects model,0.5728261875906462,,
TOV%,33,Mixed-effects model,0.7989905545338019,,
TOV%,34,Mixed-effects model,1.0553618367092952,,
TOV%,35,Mixed-effects model,1.33894312215598,,
TOV%,36,Mixed-effects model,1.6467374989127137,,
Shot quality (xFG%),19,Naive delta method,0.73163664625108,0.47021146887931997,1.08676040607674
Shot quality (xFG%),20,Naive delta method,0.68384917757248,0.46416917692803994,0.95133595326806
Shot quality (xFG%),21,Naive delta method,0.59154183149633,0.4024093159944,0.7842406046171699
Shot quality (xFG%),22,Naive delta method,0.49621738065022003,0.32535505942108,0.65040676535788
Shot quality (xFG%),23,Naive delta method,0.40603630758635,0.25077357734605,0.5424507206781201
Shot quality (xFG%),24,Naive delta method,0.35028386993926003,0.22946429569509,0.48797183252177
Shot quality (xFG%),25,Naive delta method,0.14845000241976,0.03397610266097,0.26067724783591
Shot quality (xFG%),26,Naive delta method,-0.029656737918459998,-0.11259212315134,0.053458818874910004
Shot quality (xFG%),27,Naive delta method,0.0,0.0,0.0
Shot quality (xFG%),28,Naive delta method,0.01555048893718,-0.06623147975528,0.10987370634133001
Shot quality (xFG%),29,Naive delta method,-0.049349776423170004,-0.17553318086901,0.09362992168719
Shot quality (xFG%),30,Naive delta method,-0.1034405148739,-0.24954020919171999,0.06166924385888
Shot quality (xFG%),31,Naive delta method,-0.25263837765630004,-0.42452510837029,-0.07576334841239
Shot quality (xFG%),32,Naive delta method,-0.2995751364722,-0.47810739625520005,-0.13329655874412
Shot quality (xFG%),33,Naive delta method,-0.36431545774448,-0.5289980008309201,-0.17157229919899
Shot quality (xFG%),34,Naive delta method,-0.57230209045132,-0.78356884992094,-0.34564177074157
Shot quality (xFG%),35,Naive delta method,-0.66014551786604,-0.90484099968635,-0.42485300705899
Shot quality (xFG%),36,Naive delta method,-0.78105858402039,-1.07094688838319,-0.48629357214424
Shot quality (xFG%),19,Survivorship-corrected,0.66438601575665,0.33779065768336,0.98683740999963
Shot quality (xFG%),20,Survivorship-corrected,0.5941675705580001,0.35777580270570997,0.83074052583719
Shot quality (xFG%),21,Survivorship-corrected,0.52282725322144,0.32837327491601,0.70698813690824
Shot quality (xFG%),22,Survivorship-corrected,0.44628491574633994,0.28523684402352,0.63413770102252
Shot quality (xFG%),23,Survivorship-corrected,0.3672567207257,0.20581212504314,0.5317336385064599
Shot quality (xFG%),24,Survivorship-corrected,0.32012559655966,0.19057330160991,0.46125870916031
Shot quality (xFG%),25,Survivorship-corrected,0.12775872675684,0.01568260792187,0.24146502607296003
Shot quality (xFG%),26,Survivorship-corrected,-0.02948181602999,-0.11490398381733,0.07169871884553
Shot quality (xFG%),27,Survivorship-corrected,0.0,0.0,0.0
Shot quality (xFG%),28,Survivorship-corrected,0.02691908230796,-0.0704256009031,0.10896769510738999
Shot quality (xFG%),29,Survivorship-corrected,-0.02487795057176,-0.13916152387646,0.07860275229472
Shot quality (xFG%),30,Survivorship-corrected,-0.07128385863996001,-0.20450371942774997,0.05968366692811
Shot quality (xFG%),31,Survivorship-corrected,-0.20259023028833,-0.37533505977631,-0.04241944627825
Shot quality (xFG%),32,Survivorship-corrected,-0.23667323344469998,-0.39218993266109997,-0.053640067717719994
Shot quality (xFG%),33,Survivorship-corrected,-0.31380349956229003,-0.47852528573513,-0.11546228150485
Shot quality (xFG%),34,Survivorship-corrected,-0.44928384473232996,-0.63929325195143,-0.23399530171408
Shot quality (xFG%),35,Survivorship-corrected,-0.46917189543234994,-0.72461146151868,-0.17578154613454
Shot quality (xFG%),36,Survivorship-corrected,-0.61235036958208,-0.8473255130279699,-0.32618962026931
Shot quality (xFG%),19,Mixed-effects model,0.74820980113179,,
Shot quality (xFG%),20,Mixed-effects model,0.8146366351547301,,
Shot quality (xFG%),21,Mixed-effects model,0.79366356456439,,
Shot quality (xFG%),22,Mixed-effects model,0.70622716467376,,
Shot quality (xFG%),23,Mixed-effects model,0.5732640107957699,,
Shot quality (xFG%),24,Mixed-effects model,0.41571067824339,,
Shot quality (xFG%),25,Mixed-effects model,0.25450374232958,,
Shot quality (xFG%),26,Mixed-effects model,0.11057977836729,,
Shot quality (xFG%),27,Mixed-effects model,0.0,,
Shot quality (xFG%),28,Mixed-effects model,-0.08067582580664,,
Shot quality (xFG%),29,Mixed-effects model,-0.13976329375651,,
Shot quality (xFG%),30,Mixed-effects model,-0.18557799855344,,
Shot quality (xFG%),31,Mixed-effects model,-0.22643553490127,,
Shot quality (xFG%),32,Mixed-effects model,-0.27065149750385004,,
Shot quality (xFG%),33,Mixed-effects model,-0.32654148106502,,
Shot quality (xFG%),34,Mixed-effects model,-0.40242108028864,,
Shot quality (xFG%),35,Mixed-effects model,-0.50660588987855,,
Shot quality (xFG%),36,Mixed-effects model,-0.64741150453859,,
